"YEAR","LAT","LON","Mes","T2M_MAX","T2M_MIN","RAD","WS2M","RH2M","PS","Month","RAD_ESTIMADA","ET_CALCULADA"
2023,17.5,-91.25,"JAN",29.48,13.43,NA,1.14,88.59,100.51,1,19.1473918046482,4.21176755115985
2023,17.5,-91.25,"FEB",33.51,15.48,NA,1.25,82.13,100.5,2,22.7570010234513,5.36512672427948
2023,17.5,-91.25,"MAR",38.09,19.44,NA,1.22,65.97,100.18,3,26.0059382583986,6.53871605889343
2023,17.5,-91.25,"APR",43.67,20.98,NA,1.33,50.19,99.99,4,30.8023313745917,7.88807223915712
2023,17.5,-91.25,"MAY",41.6,21.93,NA,1.5,47.6,99.98,5,29.3714925764028,8.03592001454283
2023,17.5,-91.25,"JUN",43.74,24.18,NA,1.35,55.18,99.91,6,29.3063288038118,8.00316705226501
2023,17.5,-91.25,"JUL",37.14,23.74,NA,1.17,83.55,100.26,7,24.1657621020871,6.61313946396406
2023,17.5,-91.25,"AUG",32.38,23.49,NA,1,88.06,100.13,8,19.4009705794045,5.37834732218789
2023,17.5,-91.25,"SEP",33.14,22.66,NA,0.81,85.56,100.13,9,20.050932761669,5.09832089702489
2023,17.5,-91.25,"OCT",34.22,19.87,NA,0.82,83,100.04,10,21.2827843187371,5.00038008516814
2023,17.5,-91.25,"NOV",31.74,17.66,NA,1.09,89.09,100.29,11,18.6887168157583,4.57075475947422
2023,17.5,-91.25,"DEC",30.28,13.37,NA,0.95,88.99,100.52,12,18.9528402186784,3.97102424895989
2023,17.5,-91.875,"JAN",29.97,12.07,NA,1.56,87.57,99.27,1,20.2208133901876,4.65192865560615
2023,17.5,-91.875,"FEB",31.16,15.38,NA,1.74,85.86,99.27,2,21.2897550715827,5.52895800958176
2023,17.5,-91.875,"MAR",35.12,18.71,NA,1.53,75.78,98.97,3,24.3942460289341,6.51944044899718
2023,17.5,-91.875,"APR",42.12,18.8,NA,1.57,61,98.79,4,31.2270252076613,8.12505218952436
2023,17.5,-91.875,"MAY",41.34,19.78,NA,1.9,52.86,98.78,5,30.7502191329189,8.68230123071745
2023,17.5,-91.875,"JUN",44.3,24.38,NA,1.89,55.96,98.7,6,29.5747893303029,9.05785887286017
2023,17.5,-91.875,"JUL",36.6,22.83,NA,1.87,80.95,99.04,7,24.4971220946206,7.60377050525128
2023,17.5,-91.875,"AUG",33.54,22.62,NA,1.55,85.64,98.92,8,21.5022494465032,6.45781566929569
2023,17.5,-91.875,"SEP",32.17,22.19,NA,1.27,85.27,98.92,9,19.5667731487324,5.61639206337279
2023,17.5,-91.875,"OCT",33.96,19.46,NA,1.31,86.09,98.84,10,21.3937292111551,5.64813942642926
2023,17.5,-91.875,"NOV",30.04,17.3,NA,1.61,90.53,99.1,11,17.7771800052017,4.91847686981419
2023,17.5,-91.875,"DEC",30.93,12.99,NA,1.45,89.14,99.31,12,19.5215239036317,4.54572648378892
2023,17.5,-92.5,"JAN",29.92,11.61,16.6,1.27,86.75,97.37,1,16.6,3.99662342512468
2023,17.5,-92.5,"FEB",30.99,13.74,17.86,1.49,86.95,97.36,2,17.86,4.74330312846345
2023,17.5,-92.5,"MAR",33.42,17.17,21.86,1.28,79.4,97.1,3,21.86,5.64287395466311
2023,17.5,-92.5,"APR",38.32,18.25,21.78,1.12,71.42,96.96,4,21.78,5.93834327936581
2023,17.5,-92.5,"MAY",38.84,19.22,22.06,1.31,62.09,96.95,5,22.06,6.42974239735497
2023,17.5,-92.5,"JUN",41.88,22.79,23.31,1.35,61.88,96.86,6,23.31,7.02873775949038
2023,17.5,-92.5,"JUL",34.96,22.02,22.15,1.61,80.13,97.15,7,22.15,6.72903156663457
2023,17.5,-92.5,"AUG",33.9,21.76,22.48,1.38,84.83,97.05,8,22.48,6.31441422974521
2023,17.5,-92.5,"SEP",32.26,21.21,21.88,1.23,85.26,97.06,9,21.88,5.79791537750431
2023,17.5,-92.5,"OCT",33.9,18.92,17.68,1.26,87.48,96.98,10,17.68,5.08146255134149
2023,17.5,-92.5,"NOV",30.38,16.17,12.4,1.4,91.19,97.22,11,12.4,4.04822686608415
2023,17.5,-92.5,"DEC",31.33,12.65,12.88,1.31,89.19,97.41,12,12.88,3.75354287133345
2023,17.5,-93.125,"JAN",30.89,12.29,NA,1.66,87.34,97.46,1,20.6124007684893,4.86762506978263
2023,17.5,-93.125,"FEB",32.68,13.19,NA,1.92,86.86,97.46,2,23.660454630132,5.87752352314555
2023,17.5,-93.125,"MAR",33.6,17.16,NA,1.64,82.5,97.21,3,24.4165340610195,6.3757217493647
2023,17.5,-93.125,"APR",36.89,18.42,NA,1.47,76.62,97.08,4,27.7907193548615,7.12248665998351
2023,17.5,-93.125,"MAY",38.98,18.29,NA,1.53,65.27,97.08,5,30.1234064762943,7.7327077647525
2023,17.5,-93.125,"JUN",40.75,22.53,NA,1.36,65.59,96.99,6,28.2846740920918,7.6172535395935
2023,17.5,-93.125,"JUL",34.65,22.04,NA,1.78,82.61,97.25,7,23.4425925847393,7.09055407952588
2023,17.5,-93.125,"AUG",33.45,22.13,NA,1.58,86.06,97.17,8,21.8925217588442,6.48971830466606
2023,17.5,-93.125,"SEP",32.28,21.28,NA,1.51,86.72,97.19,9,20.5423574474388,5.98316451754325
2023,17.5,-93.125,"OCT",32.64,18.22,NA,1.78,88.24,97.1,10,21.3346303987745,5.99838306353473
2023,17.5,-93.125,"NOV",32.03,16.16,NA,2.08,91.71,97.34,11,19.8411398995766,5.65867611688292
2023,17.5,-93.125,"DEC",32.04,13.06,NA,1.9,90.06,97.51,12,20.0793939992297,5.10063237518069
2023,17.5,-93.75,"JAN",30.48,13.36,NA,2.19,88.32,99.41,1,19.7753412220562,5.30630557628223
2023,17.5,-93.75,"FEB",31.36,14.32,NA,2.58,87.21,99.41,2,22.1234045474262,6.27910794211218
2023,17.5,-93.75,"MAR",33.2,18.49,NA,2.07,83.29,99.13,3,23.0961422348059,6.78920098929093
2023,17.5,-93.75,"APR",38.78,19.85,NA,2.09,73.78,98.97,4,28.1346584832548,8.28872656194484
2023,17.5,-93.75,"MAY",40.68,18.72,NA,1.88,64.66,98.96,5,31.0341606988096,8.5230356583015
2023,17.5,-93.75,"JUN",41.29,24.51,NA,1.47,66.94,98.88,6,27.1439452658814,7.82251392667522
2023,17.5,-93.75,"JUL",35.2,23.37,NA,1.91,84.12,99.15,7,22.705991394607,7.33542719102612
2023,17.5,-93.75,"AUG",33.4,23.16,NA,1.69,87.09,99.07,8,20.822005406938,6.57931444995523
2023,17.5,-93.75,"SEP",32.56,22.35,NA,1.62,87.78,99.08,9,19.7909576904985,6.13637664264546
2023,17.5,-93.75,"OCT",32.62,19.18,NA,2.23,88.35,99,10,20.5969126747265,6.51138195532473
2023,17.5,-93.75,"NOV",30.37,17.82,NA,2.83,91.68,99.28,11,17.6441206518326,6.16585518275832
2023,17.5,-93.75,"DEC",31.38,13.3,NA,2.48,90.04,99.46,12,19.5975468156864,5.53532266343559
2023,18,-91.25,"JAN",30.53,13.18,NA,1.3,84.98,101.1,1,19.720704385465,4.48425130020427
2023,18,-91.25,"FEB",34.51,16.34,NA,1.4,76.71,101.09,2,22.6923272832359,5.67701774919661
2023,18,-91.25,"MAR",38.49,19.48,NA,1.49,63.23,100.76,3,26.166308202823,7.00355341388289
2023,18,-91.25,"APR",43.44,21.99,NA,1.65,49.12,100.57,4,29.9373427865326,8.41296660815584
2023,18,-91.25,"MAY",41.92,21.12,NA,1.74,48.94,100.56,5,30.2605357191424,8.53874049331153
2023,18,-91.25,"JUN",44.12,24.53,NA,1.61,54.67,100.49,6,29.4161335042299,8.56481597812309
2023,18,-91.25,"JUL",38,24.14,NA,1.37,80.4,100.85,7,24.6402779240435,7.09231784060199
2023,18,-91.25,"AUG",32.69,23.77,NA,1.14,88.16,100.73,8,19.4491784917657,5.62702487892992
2023,18,-91.25,"SEP",32.88,23.05,NA,0.92,86.52,100.72,9,19.3816749393134,5.1777738239698
2023,18,-91.25,"OCT",34.33,19.42,NA,0.97,84.44,100.63,10,21.5820138578063,5.22514305817272
2023,18,-91.25,"NOV",32.77,18.29,NA,1.24,87.08,100.88,11,18.7953245735041,4.86381273855736
2023,18,-91.25,"DEC",31.11,13.47,NA,1.09,86.64,101.11,12,19.1610763150163,4.1823499614624
2023,18,-91.875,"JAN",30.23,13.44,NA,2.01,87.85,101.21,1,19.3998347934005,5.09795839031631
2023,18,-91.875,"FEB",31.76,16.1,NA,2.29,84.77,101.2,2,21.0667457468587,6.18494575069001
2023,18,-91.875,"MAR",35.51,20.01,NA,2.05,75.56,100.89,3,23.6274712358188,7.25777026836447
2023,18,-91.875,"APR",42.72,20.47,NA,2.1,60.94,100.71,4,30.4905044425321,9.06082586641402
2023,18,-91.875,"MAY",42.21,19.99,NA,2.52,53.48,100.69,5,31.2764153656945,9.81338453320152
2023,18,-91.875,"JUN",44.97,25.2,NA,2.49,55.11,100.6,6,29.5509675194771,10.2860993433321
2023,18,-91.875,"JUL",38.53,24.23,NA,2.38,78.73,100.96,7,25.0283376701058,8.75064916734637
2023,18,-91.875,"AUG",33.9,24.1,NA,1.93,85.27,100.84,8,20.3859930899896,7.0019040264124
2023,18,-91.875,"SEP",33.26,23.43,NA,1.53,84.4,100.84,9,19.3816749393134,6.12799729633756
2023,18,-91.875,"OCT",34.69,19.75,NA,1.57,85.45,100.75,10,21.6037152346895,6.08991332405314
2023,18,-91.875,"NOV",30.69,18,NA,2.02,89.15,101.01,11,17.5952871988216,5.46081152438712
2023,18,-91.875,"DEC",31.14,13.82,NA,1.77,88.07,101.24,12,18.9864842799594,4.88345669005897
2023,18,-92.5,"JAN",30.39,13.61,NA,1.93,88.34,100.99,1,19.3940567337657,5.05059982535863
2023,18,-92.5,"FEB",31.07,15.15,NA,2.25,87.4,100.99,2,21.240909406612,5.95980800357577
2023,18,-92.5,"MAR",34.2,19.3,NA,1.8,81.74,100.68,3,23.1656520142349,6.66204616960095
2023,18,-92.5,"APR",39.8,19.76,NA,1.55,70.74,100.51,4,28.9366639308135,7.71964879281438
2023,18,-92.5,"MAY",40.98,19.61,NA,2.07,59.85,100.49,5,30.6723609221024,8.89717149465001
2023,18,-92.5,"JUN",44.83,24.97,NA,2.24,57.83,100.38,6,29.6181543455437,9.81121036778164
2023,18,-92.5,"JUL",38.14,24.32,NA,2.65,77.05,100.72,7,24.6046962767096,9.06254330458467
2023,18,-92.5,"AUG",35.47,24.23,NA,2.06,82.94,100.61,8,21.8324256795959,7.53203987661965
2023,18,-92.5,"SEP",33.39,23.56,NA,1.67,83.63,100.62,9,19.3816749393134,6.34811435549712
2023,18,-92.5,"OCT",35.04,19.54,NA,1.74,85.56,100.54,10,22.0048794867072,6.36598341856027
2023,18,-92.5,"NOV",30.31,17.63,NA,2.16,89.55,100.82,11,17.5883530952227,5.52768402444293
2023,18,-92.5,"DEC",31.87,14.1,NA,1.88,88.39,101.03,12,19.231551582518,5.09592214494913
2023,18,-93.125,"JAN",31.54,13.86,NA,1.86,87.24,100.91,1,19.9073665831589,5.17000210961175
2023,18,-93.125,"FEB",33.16,14.99,NA,2.27,86.71,100.91,2,22.6923272832359,6.33771828620497
2023,18,-93.125,"MAR",34.38,19.09,NA,1.85,83.13,100.61,3,23.4668683399651,6.74610820445622
2023,18,-93.125,"APR",38.12,19.87,NA,1.45,77.17,100.45,4,27.6141090921202,7.27763957026183
2023,18,-93.125,"MAY",40.1,18.87,NA,1.87,66.24,100.43,5,30.5717248287197,8.43254443055554
2023,18,-93.125,"JUN",42.77,24.39,NA,1.96,63.99,100.32,6,28.4931932371337,8.96878389955742
2023,18,-93.125,"JUL",36.6,24.19,NA,2.53,80.53,100.63,7,23.3157761798473,8.52732641928645
2023,18,-93.125,"AUG",34.07,24.11,NA,1.96,84.91,100.53,8,20.5517355989867,7.07887874151341
2023,18,-93.125,"SEP",32.94,23.16,NA,1.74,85.21,100.55,9,19.3323199446617,6.36029072693821
2023,18,-93.125,"OCT",34.27,19.53,NA,1.99,85.92,100.47,10,21.4586248407205,6.5481481788753
2023,18,-93.125,"NOV",32.27,18.92,NA,2.41,89.32,100.76,11,18.0470483474934,6.16202419541655
2023,18,-93.125,"DEC",31.79,14.51,NA,2.14,88.59,100.97,12,18.9645472601788,5.35270078989832
2023,18,-93.75,"JAN",30.66,14.91,NA,2.36,87.79,101.13,1,18.7894021848906,5.54518175798945
2023,18,-93.75,"FEB",31.38,16.16,NA,2.94,86.62,101.14,2,20.7686803022463,6.6915669406185
2023,18,-93.75,"MAR",33.29,19.86,NA,2.37,83.69,100.83,3,21.9932494653547,7.15221244152258
2023,18,-93.75,"APR",38.17,20.99,NA,2.04,77.06,100.67,4,26.7923730508465,8.10407175352079
2023,18,-93.75,"MAY",39.59,19.32,NA,2.19,69.6,100.66,5,29.8725171531302,8.7747050303682
2023,18,-93.75,"JUN",41.07,25.25,NA,2.02,68.6,100.55,6,26.4345309939428,8.73816457790375
2023,18,-93.75,"JUL",35.84,25.09,NA,2.78,81.73,100.85,7,21.7004239754028,8.671777680148
2023,18,-93.75,"AUG",33.49,25.11,NA,2.25,84.67,100.76,8,18.8512800018546,7.30214743127213
2023,18,-93.75,"SEP",32.83,24.25,NA,2.02,84.97,100.77,9,18.107487351704,6.67447209802727
2023,18,-93.75,"OCT",33.6,20.87,NA,2.61,85.45,100.69,10,19.9419373329868,7.19067880147536
2023,18,-93.75,"NOV",30.81,19.9,NA,3.18,88.7,101,11,16.3146561226845,6.74232702629369
2023,18,-93.75,"DEC",31.65,15.95,NA,2.78,87.45,101.19,12,18.0767535211577,6.03352620438962
2023,18.5,-91.25,"JAN",31.56,15.76,NA,1.79,79.79,101.26,1,18.6396177333423,5.19256497651435
2023,18.5,-91.25,"FEB",34.84,17.72,NA,1.93,72.57,101.25,2,21.8769887935278,6.40752656210647
2023,18.5,-91.25,"MAR",37.54,20.66,NA,1.96,63.52,100.93,3,24.5707100698163,7.53952837853129
2023,18.5,-91.25,"APR",41.49,22.9,NA,1.98,54.54,100.75,4,27.8573916831015,8.66923618880713
2023,18.5,-91.25,"MAY",40.01,21.78,NA,2.03,56.21,100.75,5,28.381074296433,8.68557963698535
2023,18.5,-91.25,"JUN",41.91,24.84,NA,1.88,60.03,100.67,6,27.5388514912583,8.70632136491252
2023,18.5,-91.25,"JUL",36.42,25.25,NA,1.81,79.61,101.03,7,22.1756261192711,7.4381439358938
2023,18.5,-91.25,"AUG",33.29,24.75,NA,1.61,85.77,100.89,8,19.0442134336086,6.37826965286375
2023,18.5,-91.25,"SEP",32.56,24.94,NA,1.46,84.47,100.89,9,17.0301317387697,5.78098753422288
2023,18.5,-91.25,"OCT",33.33,20.65,NA,1.59,83.73,100.81,10,19.7979155012158,5.87526414246872
2023,18.5,-91.25,"NOV",32.72,21.36,NA,1.89,84.21,101.06,11,16.5075931676757,5.6940361000089
2023,18.5,-91.25,"DEC",30.89,15.32,NA,1.72,83.15,101.28,12,17.816131797041,4.85280261161341
2023,18.5,-91.875,"JAN",29.5,17.86,NA,3.24,84.94,101.49,1,15.9987093332542,6.33102577693947
2023,18.5,-91.875,"FEB",30.93,19.12,NA,3.5,81.92,101.49,2,18.170237878225,7.3558997251872
2023,18.5,-91.875,"MAR",33.91,22.32,NA,3.32,76.4,101.17,3,20.3597857812597,8.51127300294549
2023,18.5,-91.875,"APR",39.74,23.09,NA,3.21,66.19,100.98,4,26.3637918791481,10.1451164634695
2023,18.5,-91.875,"MAY",38.51,22.28,NA,3.49,62.73,100.98,5,26.7790247214203,10.4091037619219
2023,18.5,-91.875,"JUN",40.46,26.44,NA,3.36,63.69,100.88,6,24.9576143881616,10.7838617323506
2023,18.5,-91.875,"JUL",35.32,26.19,NA,3.35,79.2,101.23,7,20.0486296328353,9.33544666275209
2023,18.5,-91.875,"AUG",33.71,26.16,NA,2.89,81.45,101.1,8,17.9063710910408,8.21797526330675
2023,18.5,-91.875,"SEP",33.35,26.08,NA,2.6,79.28,101.1,9,16.6344224725331,7.57565817709433
2023,18.5,-91.875,"OCT",34.11,22.94,NA,2.79,81.13,101.02,10,18.5817420141142,7.59541715962942
2023,18.5,-91.875,"NOV",30.06,22.35,NA,3.48,85.15,101.29,11,13.5994636460264,7.07450836264277
2023,18.5,-91.875,"DEC",30.28,17.62,NA,3.13,83.76,101.52,12,16.0651935920231,6.27200980989709
2023,18.5,-92.5,"JAN",29.07,17.99,16.38,3.23,87.04,101.48,1,16.38,6.27746888068482
2023,18.5,-92.5,"FEB",29.94,18.64,17.6,3.62,85.82,101.49,2,17.6,7.12395442063167
2023,18.5,-92.5,"MAR",32.37,21.66,21.55,3.15,82.21,101.17,3,21.55,8.07958062088174
2023,18.5,-92.5,"APR",37.71,22.66,21.34,2.8,73.58,100.99,4,21.34,8.64062314621455
2023,18.5,-92.5,"MAY",38.31,21.75,22.3,3.18,66.64,100.99,5,22.3,9.35732333596464
2023,18.5,-92.5,"JUN",40.61,26.4,23.27,3.31,65.65,100.89,6,23.27,10.5043720823884
2023,18.5,-92.5,"JUL",35.33,26.25,22.47,3.78,78.81,101.22,7,22.47,10.1739387519566
2023,18.5,-92.5,"AUG",34.38,26.49,22.03,3.01,80.83,101.1,8,22.03,8.99676738064894
2023,18.5,-92.5,"SEP",33.37,26.28,21.18,2.73,78.98,101.1,9,21.18,8.30878059520949
2023,18.5,-92.5,"OCT",34.07,23.33,17.95,2.9,81.32,101.02,10,17.95,7.70285446320182
2023,18.5,-92.5,"NOV",29.54,22.34,13.1,3.56,85.93,101.31,11,13.1,7.02387373613046
2023,18.5,-92.5,"DEC",30.75,18.89,13.01,3.23,84.39,101.52,12,13.01,6.32619033572319
2023,18.5,-93.125,"JAN",28.68,19.34,NA,3.83,84.95,101.46,1,14.3311781957317,6.79174986187492
2023,18.5,-93.125,"FEB",29.31,19.65,NA,4.35,84.98,101.46,2,16.4332789516036,7.69184269773566
2023,18.5,-93.125,"MAR",31.53,22.69,NA,3.64,82.19,101.14,3,17.7810588241435,8.21309009439632
2023,18.5,-93.125,"APR",35.42,23.04,NA,3.02,78.36,100.99,4,22.7332264474229,8.81112363641578
2023,18.5,-93.125,"MAY",35.71,22.81,NA,3.39,73.41,100.98,5,23.8742837603645,9.51523946019752
2023,18.5,-93.125,"JUN",36.54,27.09,NA,3.56,72.42,100.87,6,20.4901419805138,10.0323919768088
2023,18.5,-93.125,"JUL",33.47,27.05,NA,4.41,80.53,101.18,7,16.8119007814486,10.0744344373678
2023,18.5,-93.125,"AUG",32.61,27.33,NA,3.51,80.69,101.07,8,14.9744564116856,8.68317485351455
2023,18.5,-93.125,"SEP",32.66,27.37,NA,3.38,77.8,101.08,9,14.1895413475436,8.42202636937003
2023,18.5,-93.125,"OCT",33.05,24.77,NA,3.87,79.44,101,10,15.9983431561319,8.74067610032787
2023,18.5,-93.125,"NOV",29.52,23.71,NA,4.44,83.76,101.29,11,11.8054530288606,8.01011976905158
2023,18.5,-93.125,"DEC",29.86,20.63,NA,4.12,82.34,101.5,12,13.717341824278,7.37784637208457
2023,18.5,-93.75,"JAN",28.02,20.31,NA,4.01,85.26,101.46,1,13.0207394029677,6.8760440903172
2023,18.5,-93.75,"FEB",28.19,20.19,NA,4.75,85.03,101.47,2,14.9548016649318,7.76679235241504
2023,18.5,-93.75,"MAR",30.59,22.69,NA,3.9,83.24,101.15,3,16.8091220991241,8.21150862889266
2023,18.5,-93.75,"APR",33.33,24.09,NA,3.31,80.03,100.99,4,19.6397855464378,8.64351614966902
2023,18.5,-93.75,"MAY",33.21,23.29,NA,3.41,76.99,100.99,5,20.9358853984846,8.87406757623112
2023,18.5,-93.75,"JUN",34.48,27.5,NA,3.53,76.02,100.89,6,17.6098953372457,9.38595399752132
2023,18.5,-93.75,"JUL",32.19,27.39,NA,4.63,81.67,101.2,7,14.5368370722023,9.88654444103856
2023,18.5,-93.75,"AUG",31.65,27.5,NA,3.77,81.28,101.09,8,13.2757221100303,8.68593423485837
2023,18.5,-93.75,"SEP",31.37,27.73,NA,3.42,78.87,101.1,9,11.7703997752596,8.06759849768153
2023,18.5,-93.75,"OCT",32.42,25.42,NA,4.39,80,101.01,10,14.7098708445869,9.18321598848933
2023,18.5,-93.75,"NOV",29.16,23.84,NA,5.02,83.66,101.33,11,11.296669096698,8.45858289700617
2023,18.5,-93.75,"DEC",28.81,21.44,NA,4.53,82.12,101.51,12,12.257526883677,7.59365479818029
2023,19,-91.25,"JAN",30.31,18.9,NA,2.74,77.6,101.43,1,15.6863225620222,6.14998543432463
2023,19,-91.25,"FEB",33.02,19.77,NA,2.95,73.27,101.42,2,19.1129059495111,7.36129774898136
2023,19,-91.25,"MAR",34.9,21.96,NA,2.83,68.11,101.11,3,21.4358276374586,8.21390479471979
2023,19,-91.25,"APR",37.69,23.76,NA,2.77,62.91,100.93,4,24.1015703768683,9.14607164604623
2023,19,-91.25,"MAY",36.38,23.29,NA,2.8,65.21,100.93,5,24.0915894838895,9.03704605787223
2023,19,-91.25,"JUN",39.03,26,NA,2.69,67.35,100.85,6,24.1285652175557,9.43805135462403
2023,19,-91.25,"JUL",33.86,26.53,NA,2.78,80.46,101.21,7,18.0076161030773,8.18780626355906
2023,19,-91.25,"AUG",31.59,26.55,NA,2.41,84.06,101.06,8,14.639751959979,6.96039175360688
2023,19,-91.25,"SEP",31.41,26.99,NA,2.33,81.4,101.06,9,12.9432357484164,6.63397854120192
2023,19,-91.25,"OCT",32.1,23.71,NA,2.63,81,100.97,10,16.0178087432298,6.98149705474819
2023,19,-91.25,"NOV",30.5,23.13,NA,3.13,82.05,101.23,11,13.1825104917101,6.85919998255543
2023,19,-91.25,"DEC",29.7,18.71,NA,2.91,79.98,101.45,12,14.8113817056473,6.06642555291705
2023,19,-91.875,"JAN",27.57,21.5,NA,4.62,82.42,101.52,1,11.4412286409188,7.43149744484766
2023,19,-91.875,"FEB",28.44,21.34,NA,4.91,81.33,101.52,2,13.9909742717858,8.14569105696244
2023,19,-91.875,"MAR",30.27,23.64,NA,4.58,78.82,101.2,3,15.3436923593198,8.90140777356482
2023,19,-91.875,"APR",33.24,24.81,NA,4.36,74.95,101.03,4,18.7492357455931,9.89745754408986
2023,19,-91.875,"MAY",32.5,24.39,NA,4.5,74.21,101.03,5,18.9629569058921,9.93252510822843
2023,19,-91.875,"JUN",34.18,27.59,NA,4.47,74.51,100.94,6,17.1593960125052,10.5019153524047
2023,19,-91.875,"JUL",31.59,27.67,NA,4.74,80.75,101.28,7,13.1688323790411,9.82543749119739
2023,19,-91.875,"AUG",31.35,28.07,NA,3.94,80.63,101.13,8,11.8101488744014,8.77487341052596
2023,19,-91.875,"SEP",31.31,28.59,NA,3.72,76.4,101.13,9,10.1535094846472,8.41778526293145
2023,19,-91.875,"OCT",32.55,26.41,NA,4.16,77.74,101.05,10,13.7027050267869,9.04163054123246
2023,19,-91.875,"NOV",29,24.85,NA,5.11,81.96,101.33,11,9.89209845225559,8.61384603601918
2023,19,-91.875,"DEC",28.75,21.91,NA,4.73,80.3,101.54,12,11.6848940525715,7.82460721933662
2023,19,-92.5,"JAN",27.21,22.13,NA,4.8,84.19,101.52,1,10.4667096102314,7.50319460781079
2023,19,-92.5,"FEB",27.41,21.09,NA,5.26,84.19,101.53,2,13.2001030831775,8.0271309121783
2023,19,-92.5,"MAR",29.17,23.51,NA,4.64,82.19,101.21,3,14.1769018846989,8.55247238616102
2023,19,-92.5,"APR",31.14,24.77,NA,4.23,78.79,101.03,4,16.2981945868591,9.0770224752337
2023,19,-92.5,"MAY",32.14,24.25,NA,4.45,76.46,101.04,5,18.7039844430442,9.72416062744214
2023,19,-92.5,"JUN",33.47,27.58,NA,4.64,75.92,100.95,6,16.2224684163688,10.4496178159525
2023,19,-92.5,"JUL",31.33,28.08,NA,5.31,80.98,101.28,7,11.9907380842791,10.316350443407
2023,19,-92.5,"AUG",31.66,28.21,NA,4.2,80.2,101.14,8,12.1123384570083,9.19150036485808
2023,19,-92.5,"SEP",31.34,28.71,NA,3.87,76.51,101.14,9,9.98411560614311,8.60699474865425
2023,19,-92.5,"OCT",32.65,26.72,NA,4.37,77.71,101.06,10,13.4663367330788,9.32372387344308
2023,19,-92.5,"NOV",28.35,25.15,NA,5.25,82.21,101.35,11,8.68639093085597,8.57327238240094
2023,19,-92.5,"DEC",28.5,22.52,NA,4.89,80.73,101.55,12,10.9256509109192,7.95782745339573
2023,19,-93.125,"JAN",26.97,22.68,NA,4.94,84.01,101.53,1,9.61849149183163,7.61005145207572
2023,19,-93.125,"FEB",26.89,21.33,NA,5.56,84.7,101.54,2,12.3810129939501,8.09936761211737
2023,19,-93.125,"MAR",28.67,23.34,NA,4.72,83,101.21,3,13.7574113387453,8.44448695055437
2023,19,-93.125,"APR",30.8,25.26,NA,4.1,80.85,101.06,4,15.19933771807,8.80647750759771
2023,19,-93.125,"MAY",31.17,24.77,NA,4.27,79.41,101.05,5,16.8455664037795,9.20591912422098
2023,19,-93.125,"JUN",32,27.94,NA,4.49,78.62,100.95,6,13.4685953968707,9.73624105414261
2023,19,-93.125,"JUL",30.79,28.57,NA,5.62,81.32,101.27,7,9.91016130535236,10.3908688909462
2023,19,-93.125,"AUG",31.32,28.67,NA,4.38,79.67,101.14,8,10.6155227970323,9.26461489984622
2023,19,-93.125,"SEP",31.12,28.8,NA,4.07,76.02,101.14,9,9.37725485164189,8.78021440477834
2023,19,-93.125,"OCT",32.21,27.42,NA,4.94,77.31,101.06,10,12.1029121256414,9.88151887535207
2023,19,-93.125,"NOV",27.96,25.13,NA,5.53,81.59,101.37,11,8.16878751621739,8.71549108111719
2023,19,-93.125,"DEC",27.97,22.54,NA,5.26,80,101.58,12,10.4111005983635,8.15575568987409
2023,19,-93.75,"JAN",26.51,22.73,NA,4.8,84.47,101.53,1,9.02867913148554,7.36884565680924
2023,19,-93.75,"FEB",26.66,21.26,NA,5.59,85.02,101.54,2,12.2015685311147,8.03574395043824
2023,19,-93.75,"MAR",28.15,23.05,NA,4.79,84.13,101.21,3,13.4573084295214,8.30228503035698
2023,19,-93.75,"APR",29.98,25.24,NA,4.1,82.54,101.04,4,14.0591463985281,8.51569244265958
2023,19,-93.75,"MAY",29.95,24.97,NA,3.98,81.05,101.05,5,14.8597089219654,8.49719450852804
2023,19,-93.75,"JUN",31.14,27.09,NA,4.22,79.97,100.95,6,13.4519982304959,9.13174048971865
2023,19,-93.75,"JUL",30.46,28.78,NA,5.53,81.75,101.28,7,8.62102445587732,10.1316770376481
2023,19,-93.75,"AUG",30.93,28.57,NA,4.38,79.97,101.15,8,10.0178483216853,9.11529431350055
2023,19,-93.75,"SEP",30.83,28.65,NA,3.88,76.55,101.15,9,9.08991817052708,8.44267544184406
2023,19,-93.75,"OCT",31.68,25.96,NA,5.23,77.93,101.07,10,13.225744779263,9.91828938432998
2023,19,-93.75,"NOV",27.97,24.51,NA,5.71,81.58,101.39,11,9.03238479750524,8.81352702530618
2023,19,-93.75,"DEC",27.3,22.71,NA,5.29,80.11,101.58,12,9.57200839620323,8.02558163545565
2024,17.5,-91.25,"JAN",32.02,15.18,NA,1.07,85.34,100.43,1,19.6129603052865,4.45228515191186
2024,17.5,-91.25,"FEB",34.87,13.88,NA,1.16,76.41,100.41,2,24.5540640835713,5.45710265617965
2024,17.5,-91.25,"MAR",43.55,18.89,NA,1.27,58.31,100.04,3,29.9040248683917,7.33485181984093
2024,17.5,-91.25,"APR",45.05,22.02,NA,1.76,45.16,100.04,4,31.0322531749187,8.82685480749847
2024,17.5,-91.25,"MAY",44.15,25.36,NA,1.44,50.43,99.72,5,28.7069614961298,8.17057134384622
2024,17.5,-91.25,"JUN",42.84,23.01,NA,1.05,78.02,99.81,6,29.5079031775918,7.41122293989905
2024,17.5,-91.25,"JUL",31.54,23.07,NA,1.03,90.06,100.25,7,19.2127619492828,5.34133694827336
2024,17.5,-91.25,"AUG",32.2,23.62,NA,0.84,89.9,100.29,8,19.0597070204137,5.08640187119058
2024,17.5,-91.25,"SEP",32.43,23.64,NA,0.87,90.23,99.91,9,18.3632005308306,4.9644579003736
2024,17.5,-91.25,"OCT",30.64,19.85,NA,0.96,90.66,100.27,10,18.4549645666284,4.65116420510871
2024,17.5,-91.25,"NOV",31.06,16.11,NA,0.94,89.86,100.21,11,19.2574488179898,4.32661245152233
2024,17.5,-91.25,"DEC",29.75,15.38,NA,0.94,89.52,100.63,12,17.4715277196849,3.88807480407951
2024,17.5,-91.875,"JAN",30.39,14.77,NA,1.54,87.62,99.21,1,18.8891589238031,4.74375159002918
2024,17.5,-91.875,"FEB",32.64,13.09,NA,1.5,80.68,99.19,2,23.6968460199487,5.51717221263407
2024,17.5,-91.875,"MAR",42.48,18.17,NA,1.59,64.62,98.84,3,29.6910521978229,7.72765050391357
2024,17.5,-91.875,"APR",43.41,20.3,NA,2.09,49.34,98.82,4,31.0861052816742,9.14955491791107
2024,17.5,-91.875,"MAY",45.27,24.97,NA,1.77,47.51,98.5,5,29.8381474461463,8.95638556235293
2024,17.5,-91.875,"JUN",43.49,22.91,NA,1.54,73.71,98.6,6,30.0607407297075,8.3516363528428
2024,17.5,-91.875,"JUL",31.58,22.7,NA,1.62,87.75,99.03,7,19.6722746691337,6.17633450340712
2024,17.5,-91.875,"AUG",32.59,22.63,NA,1.32,87.05,99.08,8,20.5353564560074,5.94481074893068
2024,17.5,-91.875,"SEP",34.6,22.9,NA,1.26,87.04,98.69,9,21.1858976661592,5.99909681368656
2024,17.5,-91.875,"OCT",31.5,19.15,NA,1.49,89.65,99.07,10,19.7440377243339,5.46768133911162
2024,17.5,-91.875,"NOV",32.1,15.59,NA,1.36,88.48,99,11,20.2372591248961,4.94536747395843
2024,17.5,-91.875,"DEC",29.98,15.24,NA,1.43,88.99,99.41,12,17.6950273925743,4.4444602117993
2024,17.5,-92.5,"JAN",30.59,13.12,13.26,1.31,88.11,97.32,1,13.26,3.82961083418653
2024,17.5,-92.5,"FEB",36.42,12.8,19.12,1.31,81.5,97.28,2,19.12,5.03232949465471
2024,17.5,-92.5,"MAR",38.99,15.94,20.57,1.28,71.08,97,3,20.57,5.78424230317865
2024,17.5,-92.5,"APR",41.32,18.19,22.6,1.49,57.15,96.99,4,22.6,6.83238883511684
2024,17.5,-92.5,"MAY",44.05,24.57,22.43,1.37,49.12,96.68,5,22.43,7.16404678427868
2024,17.5,-92.5,"JUN",42.24,22.54,19.63,1.33,73.04,96.77,6,19.63,6.4833063904679
2024,17.5,-92.5,"JUL",31.87,20.99,21.1,1.46,86.72,97.14,7,21.1,6.0519766201106
2024,17.5,-92.5,"AUG",31.96,21.67,20.69,1.27,86.17,97.2,8,20.69,5.78943398941166
2024,17.5,-92.5,"SEP",33.06,21.76,20.37,1.15,86.56,96.84,9,20.37,5.56912997326671
2024,17.5,-92.5,"OCT",32.55,18.58,14.01,1.37,89.71,97.21,10,14.01,4.66038697831163
2024,17.5,-92.5,"NOV",33.06,14.7,16.14,1.13,87.88,97.12,11,16.14,4.24246334935178
2024,17.5,-92.5,"DEC",29.73,14.4,13.97,1.3,88.91,97.5,12,13.97,3.86436165673057
2024,17.5,-93.125,"JAN",32.02,13.11,NA,1.76,89.15,97.42,1,20.7834609693582,5.12058332365307
2024,17.5,-93.125,"FEB",31.77,12.5,NA,1.8,84.27,97.4,2,23.5265379379596,5.63265283046421
2024,17.5,-93.125,"MAR",36.38,15.14,NA,1.82,75.03,97.12,3,27.7530274527781,7.08121401685344
2024,17.5,-93.125,"APR",40.76,17.49,NA,2.06,59.75,97.11,4,31.1935305876954,8.62459101772319
2024,17.5,-93.125,"MAY",44.74,24.14,NA,1.76,49.78,96.79,5,30.0578177548824,8.85375710241775
2024,17.5,-93.125,"JUN",42.43,23,NA,1.45,73.5,96.88,6,29.2087783412538,8.00971944071094
2024,17.5,-93.125,"JUL",32.73,20.74,NA,1.65,87.11,97.24,7,22.8590242396254,6.56007825840566
2024,17.5,-93.125,"AUG",33,21.72,NA,1.62,87.62,97.32,8,21.8538081622239,6.46145351898353
2024,17.5,-93.125,"SEP",33.67,21.78,NA,1.34,87.1,96.97,9,21.3572271449595,5.99355116841665
2024,17.5,-93.125,"OCT",30.56,18.8,NA,1.93,90.79,97.34,10,19.2666476135321,5.77168612423109
2024,17.5,-93.125,"NOV",31.12,14.48,NA,1.56,89.05,97.25,11,20.316777148802,5.00120727494033
2024,17.5,-93.125,"DEC",29.02,14.47,NA,1.83,90.09,97.6,12,17.580612199135,4.66461353300172
2024,17.5,-93.75,"JAN",30.54,14.2,NA,2.21,89.33,99.36,1,19.3196000666867,5.35923391819025
2024,17.5,-93.75,"FEB",32.18,13.74,NA,2.23,85.31,99.33,2,23.014292265973,6.11829202080796
2024,17.5,-93.75,"MAR",37.51,16.07,NA,2.41,74.82,99.03,3,27.8833852741448,7.97988813604236
2024,17.5,-93.75,"APR",41.1,18.87,NA,2.75,61.59,99.01,4,30.4885009864612,9.66160765152921
2024,17.5,-93.75,"MAY",45.44,25.96,NA,2.55,50.61,98.66,5,29.2292931530359,10.4016085079099
2024,17.5,-93.75,"JUN",43.29,23.75,NA,1.72,72.21,98.76,6,29.29134218621,8.60172287776715
2024,17.5,-93.75,"JUL",32.28,23.18,NA,1.72,87.86,99.14,7,19.9144718389564,6.43099700036227
2024,17.5,-93.75,"AUG",32.52,23.37,NA,1.82,88.59,99.23,8,19.6826297767626,6.53758909144979
2024,17.5,-93.75,"SEP",33.59,22.57,NA,1.44,87.93,98.87,9,20.5610238369763,6.08235597204698
2024,17.5,-93.75,"OCT",31.04,19.49,NA,2.48,90.94,99.25,10,19.0938490771436,6.44742666413491
2024,17.5,-93.75,"NOV",31.05,15.76,NA,1.91,88.94,99.16,11,19.4751987583177,5.36896251679381
2024,17.5,-93.75,"DEC",29.34,15,NA,2.21,90.08,99.55,12,17.4532806883675,5.07799641076776
2024,18,-91.25,"JAN",33.55,15.12,NA,1.24,83,101.02,1,20.3252244927182,4.80453797214171
2024,18,-91.25,"FEB",36.15,14,NA,1.41,71.57,100.99,2,25.0546557676306,5.9117748802461
2024,18,-91.25,"MAR",44.16,20.31,NA,1.62,54.91,100.62,3,29.3086345511691,7.98253501750199
2024,18,-91.25,"APR",44.07,22.27,NA,2.16,45.7,100.63,4,30.1805985549758,9.40469100561867
2024,18,-91.25,"MAY",44.58,25.57,NA,1.82,49.6,100.3,5,28.9291719769034,8.98242060816495
2024,18,-91.25,"JUN",42.74,22.95,NA,1.27,78.12,100.4,6,29.5659111196836,7.80881949631242
2024,18,-91.25,"JUL",31.92,23.18,NA,1.25,89.66,100.85,7,19.5667953721913,5.73416831242168
2024,18,-91.25,"AUG",32.21,23.76,NA,0.95,89.44,100.88,8,18.9298507264189,5.24385089722931
2024,18,-91.25,"SEP",32.88,23.55,NA,1.01,89.12,100.5,9,18.8823206558085,5.26398148361354
2024,18,-91.25,"OCT",30.9,20.65,NA,1.1,89.49,100.85,10,17.8943149965807,4.82187076355663
2024,18,-91.25,"NOV",31.23,14.78,NA,1.03,88.88,100.79,11,20.0331157376938,4.43638119455836
2024,18,-91.25,"DEC",31.28,15.92,NA,1.04,86.32,101.23,12,17.8799466264069,4.14815810742773
2024,18,-91.875,"JAN",31.91,16.01,NA,1.94,86.44,101.14,1,18.878663505296,5.38496503885574
2024,18,-91.875,"FEB",34.46,13.72,NA,1.99,77.43,101.12,2,24.2440935411587,6.30774798861
2024,18,-91.875,"MAR",43.68,19.95,NA,2.22,60.95,100.75,3,29.2348091579716,8.91132001859019
2024,18,-91.875,"APR",44.3,22.18,NA,3.06,47.63,100.74,4,30.4013005700955,10.921562705991
2024,18,-91.875,"MAY",46.23,26.37,NA,2.65,47.16,100.38,5,29.5688590388772,10.7884799033038
2024,18,-91.875,"JUN",44.38,23.3,NA,2.06,74.42,100.51,6,30.5143183739438,9.4091750489678
2024,18,-91.875,"JUL",32.53,23.38,NA,2.17,87.56,100.95,7,20.0204822247919,7.0838108062092
2024,18,-91.875,"AUG",33.47,23.97,NA,1.58,86.52,100.99,8,20.0715373294422,6.42027004324606
2024,18,-91.875,"SEP",34.34,23.16,NA,1.63,86.68,100.6,9,20.6697606840328,6.47525837621741
2024,18,-91.875,"OCT",31.49,20.81,NA,1.79,88.12,100.99,10,18.2658030963164,5.8005926692147
2024,18,-91.875,"NOV",31.78,14.99,NA,1.64,87.89,100.92,11,20.2390860562055,5.17263867759112
2024,18,-91.875,"DEC",30.68,16.17,NA,1.71,87.31,101.35,12,17.3781810069218,4.83614950337317
2024,18,-92.5,"JAN",30.86,15.86,NA,1.89,87.83,100.93,1,18.336578962894,5.16140356046825
2024,18,-92.5,"FEB",33.73,13.68,NA,1.82,79.92,100.91,2,23.8373933739726,5.99678230410525
2024,18,-92.5,"MAR",41.51,18.75,NA,1.83,66.98,100.55,3,28.6310663167255,7.95349489339021
2024,18,-92.5,"APR",44.33,21.24,NA,2.52,51.26,100.52,4,31.0607235524845,10.0256300618609
2024,18,-92.5,"MAY",46.45,26.3,NA,2.08,48.02,100.16,5,29.7839620655429,9.74549990309954
2024,18,-92.5,"JUN",44.46,23.57,NA,1.95,72.8,100.28,6,30.3764900100056,9.2343148119043
2024,18,-92.5,"JUL",32.27,23.35,NA,2.39,87.29,100.72,7,19.7672572454956,7.29161432040865
2024,18,-92.5,"AUG",33.61,23.96,NA,1.74,86.19,100.77,8,20.2293762265708,6.67550089705956
2024,18,-92.5,"SEP",33.94,23.18,NA,1.63,86.97,100.38,9,20.2777928544371,6.39308591105429
2024,18,-92.5,"OCT",31.04,21.26,NA,1.95,88.05,100.79,10,17.4792410951662,5.9025708587157
2024,18,-92.5,"NOV",32.97,15.09,NA,1.62,87.28,100.72,11,20.8857130146414,5.32226591658009
2024,18,-92.5,"DEC",30.62,16.06,NA,1.86,87.74,101.13,12,17.408096988796,4.97738441227835
2024,18,-93.125,"JAN",32.45,15.71,NA,2.02,87.98,100.87,1,19.3709272601415,5.51976851397287
2024,18,-93.125,"FEB",31.82,13.68,NA,1.89,83.35,100.85,2,22.6735861976302,5.74410186060265
2024,18,-93.125,"MAR",38.72,17.68,NA,1.85,73.51,100.5,3,27.5279747832804,7.52669547328884
2024,18,-93.125,"APR",43.59,20.19,NA,2.33,56.9,100.47,4,31.2685347469309,9.56903355257469
2024,18,-93.125,"MAY",47.3,26.51,NA,1.98,48.88,100.08,5,30.2532606773931,9.67171134883726
2024,18,-93.125,"JUN",44.5,23.9,NA,1.81,73.18,100.21,6,30.164906262582,8.99289773324564
2024,18,-93.125,"JUL",32.44,23.28,NA,2.45,87.35,100.62,7,20.0314193915322,7.40500481467507
2024,18,-93.125,"AUG",33.5,23.94,NA,1.89,86.8,100.7,8,20.1348213666467,6.85269315623181
2024,18,-93.125,"SEP",34.01,23.35,NA,1.61,87.12,100.31,9,20.18334523875,6.36950499398845
2024,18,-93.125,"OCT",31.37,21.21,NA,2.19,88.32,100.73,10,17.8155813783274,6.24476232919343
2024,18,-93.125,"NOV",32.91,15.24,NA,1.72,87.46,100.64,11,20.7626997518987,5.42343967694362
2024,18,-93.125,"DEC",29.72,16.25,NA,2.08,88.47,101.06,12,16.7438146591498,5.06607415477614
2024,18,-93.75,"JAN",30.55,16.78,NA,2.54,87.88,101.09,1,17.5687010778067,5.78865796459394
2024,18,-93.75,"FEB",31.46,14.91,NA,2.42,84.13,101.07,2,21.6571135715401,6.21334216672869
2024,18,-93.75,"MAR",36.61,18.5,NA,2.47,77.53,100.73,3,25.5393958294416,7.93838006573182
2024,18,-93.75,"APR",41.27,21.03,NA,2.8,64,100.71,4,29.0806999822093,9.83737528022681
2024,18,-93.75,"MAY",45.5,26.96,NA,2.4,53.2,100.31,5,28.5693138296145,10.1874478595417
2024,18,-93.75,"JUN",43.51,24.47,NA,2.01,73.09,100.43,6,29.0002566858158,9.1586038836626
2024,18,-93.75,"JUL",32.44,24.45,NA,2.71,86.96,100.84,7,18.7084314326164,7.69177368103519
2024,18,-93.75,"AUG",32.99,24.65,NA,2.21,86.37,100.92,8,18.8062350629235,7.13610910676227
2024,18,-93.75,"SEP",33.74,23.99,NA,1.83,86.61,100.54,9,19.3026463739172,6.60060873362495
2024,18,-93.75,"OCT",31.1,21.86,NA,2.85,87.61,100.96,10,16.9898338181594,6.94586056123924
2024,18,-93.75,"NOV",31.98,16.75,NA,2.16,86.33,100.87,11,19.2759371064593,5.8058256298319
2024,18,-93.75,"DEC",29.25,17.87,NA,2.53,87.56,101.29,12,15.3901106126239,5.51142383989806
2024,18.5,-91.25,"JAN",34.02,17.28,NA,1.75,78.88,101.19,1,19.1860770760285,5.51311889152794
2024,18.5,-91.25,"FEB",35.47,15.95,NA,1.91,69.67,101.16,2,23.3601469713565,6.45623726426639
2024,18.5,-91.25,"MAR",41.39,21.18,NA,2.02,58.94,100.81,3,26.8852848977716,8.24862683139556
2024,18.5,-91.25,"APR",41.78,22.86,NA,2.38,52.54,100.81,4,28.1035589860522,9.38629691435499
2024,18.5,-91.25,"MAY",42.19,26.61,NA,2.03,54.34,100.47,5,26.2373049443716,8.96352650062435
2024,18.5,-91.25,"JUN",41.24,23.75,NA,1.76,77.59,100.56,6,27.8755835822735,8.37026424144208
2024,18.5,-91.25,"JUL",31.79,24.64,NA,1.79,87.61,101.02,7,17.7419897961954,6.34715840050286
2024,18.5,-91.25,"AUG",32.44,24.87,NA,1.42,86.55,101.05,8,17.9300724529584,5.89901535915343
2024,18.5,-91.25,"SEP",32.85,25,NA,1.48,86.55,100.66,9,17.2852374630847,5.85138671748349
2024,18.5,-91.25,"OCT",30.47,23,NA,1.76,86.81,101.02,10,15.1956800391958,5.51095781480617
2024,18.5,-91.25,"NOV",30.95,17.55,NA,1.59,84.22,100.96,11,17.9286252922919,5.0319000771404
2024,18.5,-91.25,"DEC",32.26,17.74,NA,1.61,78.77,101.39,12,17.2049105365068,4.98740450655276
2024,18.5,-91.875,"JAN",31.06,18.6,NA,3.1,83.77,101.43,1,16.5526479804349,6.56192992423298
2024,18.5,-91.875,"FEB",33.62,16.73,NA,3.31,74.1,101.4,2,21.7295378115381,7.67799907536236
2024,18.5,-91.875,"MAR",40.12,22.34,NA,3.43,65.75,101.03,3,25.217229127629,10.0922700555977
2024,18.5,-91.875,"APR",40.23,24.01,NA,4.11,58.98,101.03,4,26.021131688402,11.5883444763095
2024,18.5,-91.875,"MAY",41.37,27.82,NA,3.47,59.17,100.67,5,24.4683759035392,11.1983671020822
2024,18.5,-91.875,"JUN",40.5,24.69,NA,3.04,77.82,100.77,6,26.5029976733456,10.1598609691978
2024,18.5,-91.875,"JUL",31.9,25.76,NA,3.23,85.47,101.23,7,16.4411991456895,8.16462403120293
2024,18.5,-91.875,"AUG",32.75,25.87,NA,2.56,83.48,101.26,8,17.0933948145983,7.52356420990188
2024,18.5,-91.875,"SEP",33.28,25.51,NA,2.62,83.88,100.87,9,17.1969342675389,7.54196099330931
2024,18.5,-91.875,"OCT",30.77,24.33,NA,3.14,83.52,101.25,10,14.1092124600658,7.28790569701624
2024,18.5,-91.875,"NOV",31.09,19.63,NA,2.77,82.66,101.18,11,16.5800906318444,6.43611615533961
2024,18.5,-91.875,"DEC",30.27,19.31,NA,2.94,82.22,101.63,12,14.9477005021817,6.22769738700552
2024,18.5,-92.5,"JAN",30.02,18.9,13.12,3.11,85.59,101.42,1,13.12,6.15175389703494
2024,18.5,-92.5,"FEB",33.06,16.83,18.87,3.24,76.97,101.39,2,18.87,7.23630179379831
2024,18.5,-92.5,"MAR",38.71,21.67,21.06,3.09,69.86,101.03,3,21.06,8.89606458804427
2024,18.5,-92.5,"APR",40.44,23.29,21.76,3.77,61.08,101.03,4,21.76,10.5740870371969
2024,18.5,-92.5,"MAY",41.79,27.75,21.29,3.03,60.53,100.66,5,21.29,10.1433300141174
2024,18.5,-92.5,"JUN",40.77,24.85,18.37,2.92,77.92,100.77,6,18.37,9.02894177320411
2024,18.5,-92.5,"JUL",31.66,25.6,22.1,3.54,86.25,101.22,7,22.1,9.11671847295909
2024,18.5,-92.5,"AUG",32.69,26.09,21.85,2.74,84.41,101.27,8,21.85,8.34577592383689
2024,18.5,-92.5,"SEP",32.94,26.05,20.26,2.71,85.1,100.87,9,20.26,8.02895308567025
2024,18.5,-92.5,"OCT",30.96,24.02,14.81,3.23,83.73,101.27,10,14.81,7.4446855657778
2024,18.5,-92.5,"NOV",31.15,19.43,16.23,2.79,83.22,101.19,11,16.23,6.40085782975862
2024,18.5,-92.5,"DEC",29.83,19.78,13.8,3.15,84.31,101.63,12,13.8,6.31259945477756
2024,18.5,-93.125,"JAN",29.46,20.58,NA,3.93,84.18,101.41,1,13.9738134418415,7.16628712912372
2024,18.5,-93.125,"FEB",29.92,18.89,NA,3.86,79.06,101.38,2,17.5599558797746,7.49279612607231
2024,18.5,-93.125,"MAR",34.89,22.42,NA,3.52,76.73,101.04,3,21.1185799898371,8.95692760341227
2024,18.5,-93.125,"APR",37.9,23.78,NA,3.88,68.42,101.02,4,24.2782905213346,10.6085409460921
2024,18.5,-93.125,"MAY",40.58,27.59,NA,2.97,65.93,100.63,5,23.9574213901229,10.1726459094195
2024,18.5,-93.125,"JUN",37.72,25.64,NA,3.28,78.82,100.74,6,23.1666122964987,9.85248508358148
2024,18.5,-93.125,"JUL",31.1,26.62,NA,4.33,85.3,101.17,7,14.0439188474171,9.12441415121891
2024,18.5,-93.125,"AUG",31.8,27.04,NA,3.42,82.93,101.24,8,14.2179695930972,8.3054250563957
2024,18.5,-93.125,"SEP",32.35,27.02,NA,3.32,82.92,100.84,9,14.2430869768543,8.18001906401674
2024,18.5,-93.125,"OCT",29.88,24.61,NA,4.15,81.55,101.26,10,12.7633637661726,8.19340572165278
2024,18.5,-93.125,"NOV",30.84,21.17,NA,3.49,80.82,101.17,11,15.2302779227749,7.25078486736534
2024,18.5,-93.125,"DEC",28.58,21.81,NA,4.02,82.14,101.6,12,11.7479866637839,7.12666756594385
2024,18.5,-93.75,"JAN",28.25,21.23,NA,4.19,84.57,101.41,1,12.4244454622472,7.17357916162183
2024,18.5,-93.75,"FEB",28.67,19.97,NA,4.11,80.74,101.38,2,15.595355910037,7.46561426589219
2024,18.5,-93.75,"MAR",32.88,22.81,NA,3.85,80.94,101.04,3,18.9778155578074,8.79132568381724
2024,18.5,-93.75,"APR",36.72,23.82,NA,4.05,74.21,101.04,4,23.2057500860511,10.4399788535328
2024,18.5,-93.75,"MAY",37.97,27.89,NA,3.43,70.1,100.64,5,21.1040478220084,10.2247065307092
2024,18.5,-93.75,"JUN",35.53,26.62,NA,3.49,78.96,100.75,6,19.8960981864666,9.57923371500739
2024,18.5,-93.75,"JUL",30.65,27.28,NA,4.59,84.41,101.18,7,12.1804758395596,9.24457808997818
2024,18.5,-93.75,"AUG",31.19,27.46,NA,3.63,81.92,101.25,8,12.5860229881764,8.36265494415715
2024,18.5,-93.75,"SEP",31.66,27.11,NA,3.41,81.98,100.85,9,13.1597070099143,8.10814706036925
2024,18.5,-93.75,"OCT",29.77,25.09,NA,4.65,81.17,101.28,10,12.0277049540843,8.68667569360405
2024,18.5,-93.75,"NOV",30.26,22.32,NA,3.72,80.11,101.18,11,13.8008184450113,7.45157493089452
2024,18.5,-93.75,"DEC",27.81,22.68,NA,4.23,81.28,101.61,12,10.2265181401761,7.23682893620822
2024,19,-91.25,"JAN",31.63,19.51,NA,2.64,78.75,101.36,1,16.1670070978311,6.27389167021249
2024,19,-91.25,"FEB",33.7,18.63,NA,2.88,71.22,101.33,2,20.3833428659726,7.37513346693224
2024,19,-91.25,"MAR",38.21,23.01,NA,2.74,66.9,100.99,3,23.232444700742,8.76520071522282
2024,19,-91.25,"APR",37.77,24.16,NA,3.16,62.82,101,4,23.8231313388072,9.71809321519202
2024,19,-91.25,"MAY",39.32,27.66,NA,2.59,62.66,100.65,5,22.7376148740636,9.32413985921762
2024,19,-91.25,"JUN",37.85,25.05,NA,2.64,79.73,100.72,6,23.9146635208816,9.00603473970163
2024,19,-91.25,"JUL",30.86,26.07,NA,2.75,86.27,101.19,7,14.557003718218,7.25668431555653
2024,19,-91.25,"AUG",32,26.41,NA,2.25,83.91,101.22,8,15.4178691058993,6.87026335509782
2024,19,-91.25,"SEP",31.93,26.74,NA,2.3,84.29,100.82,9,14.0254048344702,6.70881226418755
2024,19,-91.25,"OCT",29.52,24.98,NA,3.02,83.67,101.19,10,11.7828418822805,6.8250127927861
2024,19,-91.25,"NOV",30.19,20.65,NA,2.59,80.28,101.12,11,14.998180262857,6.12752222392647
2024,19,-91.25,"DEC",31.45,20.71,NA,2.77,76.91,101.57,12,14.6419482916973,6.369354533893
2024,19,-91.875,"JAN",28.07,21.57,NA,4.34,83.09,101.46,1,11.8395445870158,7.30584527768854
2024,19,-91.875,"FEB",29.45,21.21,NA,4.67,76.29,101.43,2,15.0723992466029,8.31866861758054
2024,19,-91.875,"MAR",34.53,24.3,NA,4.48,76.59,101.08,3,19.0594750571249,10.0359427250369
2024,19,-91.875,"APR",33.64,25.07,NA,5.2,73.4,101.09,4,18.9042822721744,10.9317248190269
2024,19,-91.875,"MAY",35.15,28.12,NA,4.29,74,100.72,5,17.655226498976,10.5712944550495
2024,19,-91.875,"JUN",33.88,26.29,NA,4.29,81.86,100.8,6,18.4153584990388,10.0358009339388
2024,19,-91.875,"JUL",30.64,27.68,NA,4.57,83.67,101.26,7,11.4432685947156,9.22891859845329
2024,19,-91.875,"AUG",31.14,27.93,NA,3.67,80.28,101.3,8,11.6834462939785,8.39744905069044
2024,19,-91.875,"SEP",31.77,27.89,NA,3.73,80.66,100.9,9,12.1268383815049,8.52806269998456
2024,19,-91.875,"OCT",29.6,26.34,NA,4.76,79.57,101.28,10,9.98460580294374,8.82056727270533
2024,19,-91.875,"NOV",29.92,23.74,NA,4.06,78.69,101.21,11,12.0714271908218,7.82535508918275
2024,19,-91.875,"DEC",28.6,23.27,NA,4.54,79.46,101.66,12,10.314788624484,7.78107610355537
2024,19,-92.5,"JAN",27.32,21.94,NA,4.55,83.81,101.45,1,10.7713331096251,7.31845156050039
2024,19,-92.5,"FEB",28.21,21.52,NA,4.82,77.8,101.43,2,13.581002916686,8.1180685287883
2024,19,-92.5,"MAR",33.43,24.08,NA,4.44,79.27,101.08,3,18.2212817507439,9.64023308550898
2024,19,-92.5,"APR",32.97,24.74,NA,5.18,75.79,101.09,4,18.5254898353768,10.6330938399663
2024,19,-92.5,"MAY",33.97,28.05,NA,4.33,76.66,100.72,5,16.2015469756543,10.2143457317308
2024,19,-92.5,"JUN",33.52,26.52,NA,4.34,82.3,100.8,6,17.6851321719397,9.97942943895955
2024,19,-92.5,"JUL",30.36,27.98,NA,5.04,83.44,101.26,7,10.2610715220609,9.59858051374935
2024,19,-92.5,"AUG",30.88,28.13,NA,3.95,80.6,101.31,8,10.8139609572378,8.6207432169281
2024,19,-92.5,"SEP",31.39,27.87,NA,3.91,80.73,100.9,9,11.5505604824692,8.6249555418459
2024,19,-92.5,"OCT",29.47,25.89,NA,4.88,79.3,101.3,10,10.4631785555747,8.89063217175764
2024,19,-92.5,"NOV",29.76,23.86,NA,4.16,78.76,101.22,11,11.7947947428301,7.89642857954715
2024,19,-92.5,"DEC",27.68,23.63,NA,4.82,80.31,101.67,12,8.9913362582602,7.82199102052152
2024,19,-93.125,"JAN",27.06,22.3,NA,4.99,83.28,101.48,1,10.1316877194805,7.65479429093403
2024,19,-93.125,"FEB",27.43,22.01,NA,4.96,78.67,101.45,2,12.2241431452923,8.04244670833798
2024,19,-93.125,"MAR",31.48,24.31,NA,4.47,82.24,101.11,3,15.9563184774185,9.09649259251156
2024,19,-93.125,"APR",31.89,24.75,NA,4.95,79.52,101.1,4,17.2551559336143,9.99964830798815
2024,19,-93.125,"MAY",33.14,27.9,NA,3.98,80.03,100.71,5,15.242677971284,9.47178531649895
2024,19,-93.125,"JUN",32.42,26.74,NA,4.38,82.8,100.8,6,15.9306485907484,9.67238414408767
2024,19,-93.125,"JUL",30.02,28.13,NA,5.39,82.94,101.25,7,9.14397728028888,9.80707699941439
2024,19,-93.125,"AUG",30.64,28.01,NA,4.18,80.13,101.3,8,10.5753883516513,8.81703881935434
2024,19,-93.125,"SEP",31.27,28.24,NA,4.11,79.88,100.9,9,10.7165017957825,8.82535925393046
2024,19,-93.125,"OCT",29.52,26.04,NA,5.27,78.65,101.32,10,10.3160097831754,9.30246934127537
2024,19,-93.125,"NOV",29.38,24.85,NA,4.42,77.93,101.23,11,10.3350714338751,8.15055559825361
2024,19,-93.125,"DEC",27.29,23.93,NA,5.12,79.47,101.68,12,8.18966932965153,8.0301696904563
2024,19,-93.75,"JAN",26.5,22.14,NA,4.94,83.5,101.47,1,9.69664650898839,7.44834529296405
2024,19,-93.75,"FEB",27.01,21.83,NA,4.87,79.75,101.44,2,11.9504336085051,7.81286086680402
2024,19,-93.75,"MAR",30.39,24.21,NA,4.54,83.88,101.1,3,14.8138299719547,8.81237593343652
2024,19,-93.75,"APR",31.25,24.52,NA,4.77,81.69,101.1,4,16.7524108150689,9.570955117425
2024,19,-93.75,"MAY",32.15,28.31,NA,4.13,82.15,100.7,5,13.0485196278538,9.27210051021644
2024,19,-93.75,"JUN",31.2,27.22,NA,4.37,82.56,100.8,6,13.3352396826557,9.25468754366657
2024,19,-93.75,"JUL",29.94,28.2,NA,5.38,82.52,101.26,7,8.77362080613613,9.7675484665503
2024,19,-93.75,"AUG",30.54,28.04,NA,4.1,79.64,101.32,8,10.3107072142887,8.69582931275405
2024,19,-93.75,"SEP",31.11,28.36,NA,4.06,79.87,100.9,9,10.2093495545742,8.70584514089573
2024,19,-93.75,"OCT",29.41,26.29,NA,5.43,78.6,101.34,10,9.76785986514962,9.43101066831183
2024,19,-93.75,"NOV",29.1,24.97,NA,4.43,77.68,101.24,11,9.8682332825002,8.10293574172867
2024,19,-93.75,"DEC",27.3,23.99,NA,4.96,78.99,101.68,12,8.12850589458513,7.91348825277821
2025,17.5,-91.25,"JAN",30.96,16.41,NA,1.08,89.11,100.63,1,18.2307108287264,4.31760314626383
2025,17.5,-91.25,"FEB",32.8,14.73,NA,1.1,84.17,100.41,2,22.7822305223562,5.09192585113165
2025,17.5,-91.25,"MAR",41.08,18.67,NA,1.27,64.99,100.2,3,28.5071655180295,7.03872660011995
2025,17.5,-91.25,"APR",40.93,16.94,NA,1.45,56.37,100.2,4,31.6724358198926,7.80467111108483
2025,17.5,-91.25,"MAY",44.16,21.51,NA,1.62,46.26,99.93,5,31.5179483812854,8.62930225876414
2025,17.5,-91.25,"JUN",42.25,22.99,NA,1.22,75.33,100.15,6,29.080718606061,7.62041073550741
2025,17.5,-91.25,"JUL",32,22.15,NA,1.13,86.28,100.37,7,20.7188769847989,5.67486752125469
2025,17.5,-91.25,"AUG",33.94,22.28,NA,0.93,82.28,100.27,8,22.2188640575528,5.69363754137332
2025,17.5,-91.25,"SEP",35.95,22.4,NA,0.89,81.49,100.15,9,22.7994088653484,5.71177966866458
2025,17.5,-91.25,"OCT",NA,NA,NA,NA,NA,NA,10,NA,NA
2025,17.5,-91.25,"NOV",NA,NA,NA,NA,NA,NA,11,NA,NA
2025,17.5,-91.25,"DEC",NA,NA,NA,NA,NA,NA,12,NA,NA
2025,17.5,-91.875,"JAN",31.76,16.32,NA,1.56,88.16,99.4,1,18.7800071719017,4.96848477205422
2025,17.5,-91.875,"FEB",32.91,14.75,NA,1.59,81.86,99.18,2,22.8388949942136,5.66178366664944
2025,17.5,-91.875,"MAR",41.29,17.97,NA,1.7,65.21,98.98,3,29.0801995339224,7.7323685438498
2025,17.5,-91.875,"APR",40.65,16.26,NA,1.96,59.43,98.98,4,31.9353912316824,8.48324777803104
2025,17.5,-91.875,"MAY",43.67,20.55,NA,1.83,48.58,98.71,5,31.8432767722615,8.92403655431003
2025,17.5,-91.875,"JUN",40.78,22.58,NA,1.84,75.2,98.93,6,28.2691458591937,8.39468023768502
2025,17.5,-91.875,"JUL",34.34,21.47,NA,1.87,80.95,99.14,7,23.6830357229553,7.19419039156909
2025,17.5,-91.875,"AUG",34.95,22.29,NA,1.47,77.79,99.06,8,23.1520488134972,6.68193691092654
2025,17.5,-91.875,"SEP",36.83,22.1,NA,1.31,80.45,98.94,9,23.771430257025,6.5182169951966
2025,17.5,-91.875,"OCT",NA,NA,NA,NA,NA,NA,10,NA,NA
2025,17.5,-91.875,"NOV",NA,NA,NA,NA,NA,NA,11,NA,NA
2025,17.5,-91.875,"DEC",NA,NA,NA,NA,NA,NA,12,NA,NA
2025,17.5,-92.5,"JAN",30.65,15.24,13.89,1.34,88.47,97.5,1,13.89,4.06613598575476
2025,17.5,-92.5,"FEB",33.89,15.01,16.99,1.27,84.11,97.28,2,16.99,4.71177155152027
2025,17.5,-92.5,"MAR",37.4,16.71,20.86,1.39,69.51,97.12,3,20.86,5.93548085147811
2025,17.5,-92.5,"APR",39.84,15.21,22.97,1.5,63.13,97.11,4,22.97,6.58272627186667
2025,17.5,-92.5,"MAY",41.32,19.13,23.41,1.26,58.54,96.89,5,23.41,6.66286656920528
2025,17.5,-92.5,"JUN",38.33,21.46,19.79,1.41,78.91,97.05,6,19.79,6.32560492810888
2025,17.5,-92.5,"JUL",34.54,19.88,NA,1.67,79.04,97.24,7,25.2763919850961,7.02620195350445
2025,17.5,-92.5,"AUG",34.86,21.45,NA,1.3,78.56,97.19,8,23.8279656591466,6.45203438373248
2025,17.5,-92.5,"SEP",34.48,21.26,NA,1.14,82.94,97.07,9,22.5200664103012,5.90265596572829
2025,17.5,-92.5,"OCT",NA,NA,NA,NA,NA,NA,10,NA,NA
2025,17.5,-92.5,"NOV",NA,NA,NA,NA,NA,NA,11,NA,NA
2025,17.5,-92.5,"DEC",NA,NA,NA,NA,NA,NA,12,NA,NA
2025,17.5,-93.125,"JAN",31.35,14.83,NA,1.92,89.48,97.59,1,19.4257201207247,5.2274026828526
2025,17.5,-93.125,"FEB",30.95,14,NA,1.66,87.04,97.39,2,22.064902714178,5.38541772754497
2025,17.5,-93.125,"MAR",36.07,14.97,NA,1.82,78.31,97.24,3,27.6614114554634,7.0104668026743
2025,17.5,-93.125,"APR",37.66,14.8,NA,1.98,66.18,97.24,4,30.9175060056791,7.95273374873383
2025,17.5,-93.125,"MAY",41.55,18.79,NA,1.48,61.63,97.02,5,31.5943893340818,8.05316430721149
2025,17.5,-93.125,"JUN",37.33,21.47,NA,1.31,80.28,97.17,6,26.3893433751772,7.00122593192257
2025,17.5,-93.125,"JUL",33.83,20.89,NA,1.73,81,97.33,7,23.7473544641123,6.91692146799242
2025,17.5,-93.125,"AUG",33.56,21.44,NA,1.52,83.2,97.31,8,22.6529041044433,6.48594842971441
2025,17.5,-93.125,"SEP",33.03,20.97,NA,1.27,85.76,97.21,9,21.5093651927587,5.83379398736964
2025,17.5,-93.125,"OCT",NA,NA,NA,NA,NA,NA,10,NA,NA
2025,17.5,-93.125,"NOV",NA,NA,NA,NA,NA,NA,11,NA,NA
2025,17.5,-93.125,"DEC",NA,NA,NA,NA,NA,NA,12,NA,NA
2025,17.5,-93.75,"JAN",31.35,15.41,NA,2.58,90.14,99.56,1,19.0816648795828,5.86926430752109
2025,17.5,-93.75,"FEB",31.48,14.39,NA,2.25,88.27,99.32,2,22.1558388186861,6.00829772868194
2025,17.5,-93.75,"MAR",37.48,15.88,NA,2.36,79.24,99.16,3,27.9872343683292,7.87582507889421
2025,17.5,-93.75,"APR",39.69,15.15,NA,2.61,66.71,99.14,4,32.0334430166957,9.06332274658735
2025,17.5,-93.75,"MAY",42.08,20.2,NA,2.12,61.07,98.9,5,30.9775805957814,9.11787043670643
2025,17.5,-93.75,"JUN",37.84,22.93,NA,1.48,79.68,99.07,6,25.5867905689171,7.29112581392595
2025,17.5,-93.75,"JUL",33.83,22.8,NA,1.82,80.9,99.24,7,21.9248107251324,6.97365804263283
2025,17.5,-93.75,"AUG",33.6,22.96,NA,1.72,84.44,99.22,8,21.2247894422624,6.69175698593111
2025,17.5,-93.75,"SEP",32.79,22.12,NA,1.42,86.54,99.11,9,20.2318757413492,5.93589567219809
2025,17.5,-93.75,"OCT",NA,NA,NA,NA,NA,NA,10,NA,NA
2025,17.5,-93.75,"NOV",NA,NA,NA,NA,NA,NA,11,NA,NA
2025,17.5,-93.75,"DEC",NA,NA,NA,NA,NA,NA,12,NA,NA
2025,18,-91.25,"JAN",33.19,16.92,NA,1.2,82.75,101.22,1,19.0970576853714,4.71991745632307
2025,18,-91.25,"FEB",35.14,14.51,NA,1.29,75.94,100.99,2,24.1797156293449,5.62043186828263
2025,18,-91.25,"MAR",41.3,19.51,NA,1.59,60.28,100.78,3,28.0143150971507,7.56142660087074
2025,18,-91.25,"APR",41.89,18.74,NA,1.98,51.75,100.78,4,31.101053442078,8.7634908509872
2025,18,-91.25,"MAY",44.12,22.61,NA,2.09,45.39,100.51,5,30.772667906252,9.46470559144949
2025,18,-91.25,"JUN",42.5,23.22,NA,1.63,69.94,100.73,6,29.1824590437685,8.38533775378121
2025,18,-91.25,"JUL",34.1,22.25,NA,1.34,83.03,100.96,7,22.7836427420874,6.40955006544798
2025,18,-91.25,"AUG",34.43,22.7,NA,1.11,81.99,100.87,8,22.3032339979729,6.02996947237727
2025,18,-91.25,"SEP",36.08,23.04,NA,1.02,81.62,100.74,9,22.3230402482209,5.89301847567179
2025,18,-91.25,"OCT",NA,NA,NA,NA,NA,NA,10,NA,NA
2025,18,-91.25,"NOV",NA,NA,NA,NA,NA,NA,11,NA,NA
2025,18,-91.25,"DEC",NA,NA,NA,NA,NA,NA,12,NA,NA
2025,18,-91.875,"JAN",32.92,17,NA,1.99,85.54,101.34,1,18.890533147151,5.62685510828632
2025,18,-91.875,"FEB",34.36,14.89,NA,2.08,78.2,101.1,2,23.4900829673937,6.42090502694408
2025,18,-91.875,"MAR",41.63,19.44,NA,2.31,61.22,100.9,3,28.2702757833321,8.72731274520293
2025,18,-91.875,"APR",42.54,18.72,NA,3.01,53.5,100.9,4,31.5479018072823,10.3697495927163
2025,18,-91.875,"MAY",45.09,22.47,NA,2.85,45.73,100.61,5,31.5566755843407,10.9104782413942
2025,18,-91.875,"JUN",42.51,23.74,NA,2.64,68.12,100.83,6,28.7939009400503,10.0286439981113
2025,18,-91.875,"JUL",35.73,23.22,NA,2.52,77.67,101.06,7,23.4095271659035,8.36744552477197
2025,18,-91.875,"AUG",36.26,23.42,NA,2.04,76.28,100.97,8,23.334652980291,7.7461571692069
2025,18,-91.875,"SEP",37.42,23.31,NA,1.73,80.56,100.85,9,23.22084681374,7.22084180567065
2025,18,-91.875,"OCT",NA,NA,NA,NA,NA,NA,10,NA,NA
2025,18,-91.875,"NOV",NA,NA,NA,NA,NA,NA,11,NA,NA
2025,18,-91.875,"DEC",NA,NA,NA,NA,NA,NA,12,NA,NA
2025,18,-92.5,"JAN",32.28,17.01,NA,2.07,86.99,101.12,1,18.5008721515385,5.60623252160719
2025,18,-92.5,"FEB",34.78,15.15,NA,2.05,81.58,100.88,2,23.5864035476314,6.43077411701006
2025,18,-92.5,"MAR",40.7,18.37,NA,1.97,66.28,100.69,3,28.3593162424939,8.0414457320025
2025,18,-92.5,"APR",42.13,17.58,NA,2.53,57.12,100.68,4,32.0276703692289,9.56742856989623
2025,18,-92.5,"MAY",44.66,21.72,NA,1.97,52.03,100.4,5,31.7791042444815,9.34097591358203
2025,18,-92.5,"JUN",41.42,23.99,NA,2.53,69.59,100.6,6,27.7470657612019,9.63501577956679
2025,18,-92.5,"JUL",38.61,23.05,NA,2.92,72.17,100.81,7,26.1077101951813,9.57543005410305
2025,18,-92.5,"AUG",38.11,24.03,NA,2.15,74.5,100.75,8,24.4354399217333,8.26941916751353
2025,18,-92.5,"SEP",38.4,23.2,NA,1.69,81.48,100.64,9,24.1010709134439,7.32684647296817
2025,18,-92.5,"OCT",NA,NA,NA,NA,NA,NA,10,NA,NA
2025,18,-92.5,"NOV",NA,NA,NA,NA,NA,NA,11,NA,NA
2025,18,-92.5,"DEC",NA,NA,NA,NA,NA,NA,12,NA,NA
2025,18,-93.125,"JAN",31.85,16.68,NA,2.25,88.39,101.06,1,18.4401934962865,5.7022066251494
2025,18,-93.125,"FEB",32.81,14.37,NA,2.08,85.53,100.82,2,22.8603056791165,6.08462947774194
2025,18,-93.125,"MAR",38.39,17.12,NA,1.92,75.69,100.64,3,27.6780276592872,7.55118916694319
2025,18,-93.125,"APR",39.97,16.83,NA,2.44,62.18,100.61,4,31.0943354263517,9.01416266455045
2025,18,-93.125,"MAY",43.87,21.33,NA,1.77,58.06,100.34,5,31.5008230174031,8.87808686519357
2025,18,-93.125,"JUN",40.11,23.64,NA,2.2,73.48,100.53,6,26.9721253586804,8.85525744474177
2025,18,-93.125,"JUL",37.76,23.39,NA,2.75,73.02,100.72,7,25.0895210558621,9.15577911035383
2025,18,-93.125,"AUG",37.12,24.24,NA,2.03,78,100.68,8,23.3709715283082,7.86526219189015
2025,18,-93.125,"SEP",36.13,23.31,NA,1.57,84.52,100.57,9,22.1339313787166,6.72745829178978
2025,18,-93.125,"OCT",NA,NA,NA,NA,NA,NA,10,NA,NA
2025,18,-93.125,"NOV",NA,NA,NA,NA,NA,NA,11,NA,NA
2025,18,-93.125,"DEC",NA,NA,NA,NA,NA,NA,12,NA,NA
2025,18,-93.75,"JAN",31.2,17.59,NA,2.89,88.52,101.29,1,17.4663334120815,6.27166945003894
2025,18,-93.75,"FEB",31.92,15.01,NA,2.56,87.44,101.05,2,21.8913920495733,6.3821108195699
2025,18,-93.75,"MAR",36.03,18.01,NA,2.44,80.53,100.87,3,25.4758561145583,7.75483519958831
2025,18,-93.75,"APR",38.25,17.22,NA,2.95,69.66,100.85,4,29.6428009792675,9.25017051502575
2025,18,-93.75,"MAY",42.3,21.54,NA,2.04,64.42,100.58,5,30.2314250479316,9.05503549110591
2025,18,-93.75,"JUN",38.37,23.91,NA,2.26,77.68,100.76,6,25.2727508768025,8.57411894007578
2025,18,-93.75,"JUL",35.47,24.19,NA,2.82,77.64,100.94,7,22.2289288991433,8.69276611243714
2025,18,-93.75,"AUG",34.54,24.7,NA,2.22,81.9,100.91,8,20.4275547908087,7.5491645616846
2025,18,-93.75,"SEP",34.02,24.05,NA,1.85,84.74,100.79,9,19.5192050217844,6.70067802722588
2025,18,-93.75,"OCT",NA,NA,NA,NA,NA,NA,10,NA,NA
2025,18,-93.75,"NOV",NA,NA,NA,NA,NA,NA,11,NA,NA
2025,18,-93.75,"DEC",NA,NA,NA,NA,NA,NA,12,NA,NA
2025,18.5,-91.25,"JAN",34.29,18.24,NA,1.79,76.52,101.38,1,18.786504305263,5.63891553281946
2025,18.5,-91.25,"FEB",35.91,17.25,NA,1.75,73.1,101.16,2,22.8397572566643,6.31640996276019
2025,18.5,-91.25,"MAR",39.18,20.4,NA,2.03,61.18,100.96,3,25.9166748537646,7.91664291648058
2025,18.5,-91.25,"APR",39.94,19.55,NA,2.46,55.21,100.97,4,29.1748994904404,9.14405097930017
2025,18.5,-91.25,"MAY",41.89,23.26,NA,2.32,51.7,100.7,5,28.6907514864545,9.48414596550953
2025,18.5,-91.25,"JUN",40.19,24.33,NA,2.08,70.78,100.91,6,26.5448731895432,8.70901058855819
2025,18.5,-91.25,"JUL",34.32,23.56,NA,1.83,80.2,101.13,7,21.7648380469413,7.10575148614919
2025,18.5,-91.25,"AUG",34.33,23.84,NA,1.66,82.55,101.04,8,21.1067734587021,6.75217984903882
2025,18.5,-91.25,"SEP",34.63,24.02,NA,1.55,83.46,100.92,9,20.0954721153732,6.38909960148714
2025,18.5,-91.25,"OCT",NA,NA,NA,NA,NA,NA,10,NA,NA
2025,18.5,-91.25,"NOV",NA,NA,NA,NA,NA,NA,11,NA,NA
2025,18.5,-91.25,"DEC",NA,NA,NA,NA,NA,NA,12,NA,NA
2025,18.5,-91.875,"JAN",32.66,19.54,NA,3.31,81.77,101.62,1,16.9853842272659,7.16810345542149
2025,18.5,-91.875,"FEB",33.83,18.83,NA,3.22,77.33,101.39,2,20.4777055372475,7.72195498448188
2025,18.5,-91.875,"MAR",38.04,21.25,NA,3.52,65.82,101.18,3,24.5051200401249,9.73178154388171
2025,18.5,-91.875,"APR",39.28,21.05,NA,4.31,60.68,101.19,4,27.5863403445875,11.3898577156582
2025,18.5,-91.875,"MAY",40.61,24.66,NA,3.92,57.82,100.9,5,26.5470238479561,11.6132314507531
2025,18.5,-91.875,"JUN",38.09,25.51,NA,3.64,71.94,101.12,6,23.6411927586559,10.5160794581195
2025,18.5,-91.875,"JUL",33.55,25.04,NA,3.46,79.22,101.34,7,19.3559318473614,9.00469915099893
2025,18.5,-91.875,"AUG",33.51,25.29,NA,3.14,79.4,101.26,8,18.6840066637856,8.53343889457206
2025,18.5,-91.875,"SEP",33.85,25.12,NA,2.81,81.61,101.13,9,18.22836195713,7.96442295008933
2025,18.5,-91.875,"OCT",NA,NA,NA,NA,NA,NA,10,NA,NA
2025,18.5,-91.875,"NOV",NA,NA,NA,NA,NA,NA,11,NA,NA
2025,18.5,-91.875,"DEC",NA,NA,NA,NA,NA,NA,12,NA,NA
2025,18.5,-92.5,"JAN",31.36,19.96,14.17,3.45,85.37,101.62,1,14.17,6.8933195902923
2025,18.5,-92.5,"FEB",32.59,18.45,16.88,3.29,81.75,101.38,2,16.88,7.16790773556461
2025,18.5,-92.5,"MAR",38.07,20.88,21.51,3.28,69.71,101.18,3,21.51,9.02427503111213
2025,18.5,-92.5,"APR",39.82,20.4,22.05,3.95,62.91,101.19,4,22.05,10.3270791742331
2025,18.5,-92.5,"MAY",41.17,24.4,22.41,3.25,61.91,100.9,5,22.41,10.178276063616
2025,18.5,-92.5,"JUN",37.48,25.7,20.5,3.73,73.11,101.11,6,20.5,10.1961941959662
2025,18.5,-92.5,"JUL",35.15,25.13,NA,3.83,75.67,101.32,7,21.0030886284158,9.92779753142206
2025,18.5,-92.5,"AUG",35.11,25.93,NA,3.34,77.14,101.25,8,19.7449230408665,9.22604574386771
2025,18.5,-92.5,"SEP",35.85,25.28,NA,2.91,80.88,101.13,9,20.0575560964728,8.56227473057496
2025,18.5,-92.5,"OCT",NA,NA,NA,NA,NA,NA,10,NA,NA
2025,18.5,-92.5,"NOV",NA,NA,NA,NA,NA,NA,11,NA,NA
2025,18.5,-92.5,"DEC",NA,NA,NA,NA,NA,NA,12,NA,NA
2025,18.5,-93.125,"JAN",28.74,20.35,NA,4.33,85.03,101.6,1,13.5828041421857,7.3143220592475
2025,18.5,-93.125,"FEB",30.22,19.86,NA,3.86,84.67,101.36,2,17.018275183593,7.52157639766654
2025,18.5,-93.125,"MAR",33.84,21.12,NA,3.65,77.47,101.18,3,21.3292233435081,8.78346239956094
2025,18.5,-93.125,"APR",36.22,21.39,NA,4.14,70.08,101.17,4,24.8812005143331,10.3385138133616
2025,18.5,-93.125,"MAY",37.72,25.03,NA,3.15,70.6,100.9,5,23.6791608315315,9.75690507588083
2025,18.5,-93.125,"JUN",35,26.1,NA,4.14,77.38,101.08,6,19.8849300137166,10.2623253953749
2025,18.5,-93.125,"JUL",33.07,25.69,NA,4.27,78.26,101.28,7,18.0250917972149,9.81637682386295
2025,18.5,-93.125,"AUG",33.4,26.95,NA,3.88,78.45,101.22,8,16.5506083617719,9.41671642314745
2025,18.5,-93.125,"SEP",34.29,26.48,NA,3.41,80.27,101.1,9,17.2411423977253,8.85988150869889
2025,18.5,-93.125,"OCT",NA,NA,NA,NA,NA,NA,10,NA,NA
2025,18.5,-93.125,"NOV",NA,NA,NA,NA,NA,NA,11,NA,NA
2025,18.5,-93.125,"DEC",NA,NA,NA,NA,NA,NA,12,NA,NA
2025,18.5,-93.75,"JAN",28.07,20.24,NA,4.71,84.9,101.62,1,13.1216768778969,7.45076218288388
2025,18.5,-93.75,"FEB",28.76,20.31,NA,4.02,86.02,101.38,2,15.3696514456104,7.32211629760046
2025,18.5,-93.75,"MAR",30.66,21.57,NA,3.92,81.1,101.19,3,18.0307348867913,8.23782018443054
2025,18.5,-93.75,"APR",32.5,21.59,NA,4.5,76.08,101.19,4,21.3409196642278,9.62916777252592
2025,18.5,-93.75,"MAY",35.03,25.33,NA,3.27,75.51,100.91,5,20.7024318370492,9.20813216896711
2025,18.5,-93.75,"JUN",33.05,25.63,NA,4.2,80.51,101.09,6,18.1564532652639,9.69930522534706
2025,18.5,-93.75,"JUL",31.67,26.38,NA,4.65,81.36,101.3,7,15.2607943601766,9.73573229754846
2025,18.5,-93.75,"AUG",32.08,27.46,NA,3.86,80.3,101.25,8,14.007321361427,8.9550860410117
2025,18.5,-93.75,"SEP",32.35,26.97,NA,3.47,80.14,101.12,9,14.3097372565317,8.42086873566324
2025,18.5,-93.75,"OCT",NA,NA,NA,NA,NA,NA,10,NA,NA
2025,18.5,-93.75,"NOV",NA,NA,NA,NA,NA,NA,11,NA,NA
2025,18.5,-93.75,"DEC",NA,NA,NA,NA,NA,NA,12,NA,NA
2025,19,-91.25,"JAN",32.44,19.92,NA,2.93,77.19,101.56,1,16.4316238097796,6.78167404879072
2025,19,-91.25,"FEB",33.44,20.04,NA,2.68,75.11,101.34,2,19.2207877430446,7.11272722506858
2025,19,-91.25,"MAR",36.05,21.8,NA,2.91,66.77,101.13,3,22.4947178544146,8.55616690233662
2025,19,-91.25,"APR",37.53,21.4,NA,3.37,63.26,101.15,4,25.9350426270338,9.85438100801363
2025,19,-91.25,"MAY",38.33,24.65,NA,3.05,62.26,100.88,5,24.6285407039192,9.84766639433595
2025,19,-91.25,"JUN",36.02,25.63,NA,2.98,74.69,101.09,6,21.546020250239,9.10866235838163
2025,19,-91.25,"JUL",32.95,25.54,NA,2.72,78.67,101.31,7,18.1056174586006,7.93342967184113
2025,19,-91.25,"AUG",32.78,25.78,NA,2.67,82.97,101.22,8,17.2531131429837,7.68760849853752
2025,19,-91.25,"SEP",32.73,25.71,NA,2.44,82.26,101.09,9,16.3117397172482,7.18088271706941
2025,19,-91.25,"OCT",NA,NA,NA,NA,NA,NA,10,NA,NA
2025,19,-91.25,"NOV",NA,NA,NA,NA,NA,NA,11,NA,NA
2025,19,-91.25,"DEC",NA,NA,NA,NA,NA,NA,12,NA,NA
2025,19,-91.875,"JAN",28.97,21.55,NA,4.87,82.14,101.65,1,12.6497013338247,7.98822387565575
2025,19,-91.875,"FEB",29.57,22.35,NA,4.52,81.29,101.43,2,14.1087124563663,8.2012126077838
2025,19,-91.875,"MAR",31.79,22.74,NA,4.72,75.19,101.23,3,17.9265785205566,9.4722961642436
2025,19,-91.875,"APR",33.62,23.18,NA,5.47,72.63,101.25,4,20.8650789225858,11.043500448896
2025,19,-91.875,"MAY",33.66,26.25,NA,5.01,73.11,100.97,5,18.126115165303,10.91838549856
2025,19,-91.875,"JUN",32.53,26.85,NA,5,78.45,101.17,6,15.9306485907484,10.4729868320202
2025,19,-91.875,"JUL",30.77,27.04,NA,4.68,80.19,101.38,7,12.8457259372143,9.49389487046488
2025,19,-91.875,"AUG",30.89,27.46,NA,4.42,80.74,101.3,8,12.0771792000886,9.19043781328856
2025,19,-91.875,"SEP",31.19,27.42,NA,4,78.94,101.17,9,11.9537013681137,8.72310441024045
2025,19,-91.875,"OCT",NA,NA,NA,NA,NA,NA,10,NA,NA
2025,19,-91.875,"NOV",NA,NA,NA,NA,NA,NA,11,NA,NA
2025,19,-91.875,"DEC",NA,NA,NA,NA,NA,NA,12,NA,NA
2025,19,-92.5,"JAN",27.79,21.17,NA,5.14,83.68,101.66,1,11.9483328872849,7.82647238666726
2025,19,-92.5,"FEB",29.34,22.04,NA,4.76,83.77,101.43,2,14.1866617371693,8.26321223835106
2025,19,-92.5,"MAR",31.2,22.57,NA,4.71,77.69,101.23,3,17.5056610784297,9.23388706367089
2025,19,-92.5,"APR",33.43,22.96,NA,5.5,74.74,101.25,4,20.8950359788207,10.942384929424
2025,19,-92.5,"MAY",33.16,26.11,NA,4.81,76.28,100.96,5,17.6803227824316,10.4784889903447
2025,19,-92.5,"JUN",31.83,27.17,NA,5.26,79.79,101.17,6,14.4295320868381,10.4768509894497
2025,19,-92.5,"JUL",30.53,27.04,NA,5.19,80.34,101.38,7,12.4255880074104,9.91751991458726
2025,19,-92.5,"AUG",30.94,27.79,NA,4.72,79.73,101.31,8,11.573740143362,9.54663517084456
2025,19,-92.5,"SEP",31.95,27.45,NA,4.18,78.54,101.17,9,13.0598438313603,9.17668849220782
2025,19,-92.5,"OCT",NA,NA,NA,NA,NA,NA,10,NA,NA
2025,19,-92.5,"NOV",NA,NA,NA,NA,NA,NA,11,NA,NA
2025,19,-92.5,"DEC",NA,NA,NA,NA,NA,NA,12,NA,NA
2025,19,-93.125,"JAN",26.88,21.04,NA,5.52,83.52,101.68,1,11.2223741187871,7.85466346442011
2025,19,-93.125,"FEB",27.72,22.47,NA,4.9,85.39,101.44,2,12.030908818172,7.93745329708705
2025,19,-93.125,"MAR",29.55,22.62,NA,4.65,81.07,101.25,3,15.6869941800129,8.64713344299268
2025,19,-93.125,"APR",31.93,23.25,NA,5.29,78.28,101.26,4,19.0252181406099,10.249270788524
2025,19,-93.125,"MAY",31.49,26.41,NA,4.22,81.25,100.97,5,15.0081612481231,9.22484380484415
2025,19,-93.125,"JUN",31.32,27.12,NA,5.27,81.72,101.16,6,13.6988444754799,10.2570149119999
2025,19,-93.125,"JUL",29.58,27.24,NA,5.3,82.5,101.37,7,10.1744786529907,9.5919246071857
2025,19,-93.125,"AUG",30.56,28.05,NA,4.8,79.67,101.3,8,10.3313080484428,9.47978263267205
2025,19,-93.125,"SEP",31.87,28.08,NA,4.29,78.12,101.17,9,11.985366857679,9.28372017907541
2025,19,-93.125,"OCT",NA,NA,NA,NA,NA,NA,10,NA,NA
2025,19,-93.125,"NOV",NA,NA,NA,NA,NA,NA,11,NA,NA
2025,19,-93.125,"DEC",NA,NA,NA,NA,NA,NA,12,NA,NA
2025,19,-93.75,"JAN",26.55,20.75,NA,5.57,83.43,101.68,1,11.1838752947957,7.76735416307806
2025,19,-93.75,"FEB",27.42,22.32,NA,4.7,85.92,101.45,2,11.857793191098,7.66997877495328
2025,19,-93.75,"MAR",28.11,22.52,NA,4.66,82.56,101.24,3,14.0889627878791,8.1951605799748
2025,19,-93.75,"APR",30.03,23.29,NA,5.22,80.21,101.26,4,16.7648522655882,9.55636476281329
2025,19,-93.75,"MAY",30.55,26.52,NA,4.15,82.78,100.97,5,13.367437249014,8.80377601371578
2025,19,-93.75,"JUN",29.94,26.41,NA,5.09,82.89,101.17,6,12.5587565739413,9.54357757605663
2025,19,-93.75,"JUL",29.36,27.46,NA,5.31,83.52,101.38,7,9.16813578284107,9.46992507437082
2025,19,-93.75,"AUG",30.19,28.29,NA,4.5,79.65,101.32,8,8.98866615670404,8.98792384831902
2025,19,-93.75,"SEP",31.01,28.11,NA,4.13,78.17,101.18,9,10.4840896453055,8.80971782222239
2025,19,-93.75,"OCT",NA,NA,NA,NA,NA,NA,10,NA,NA
2025,19,-93.75,"NOV",NA,NA,NA,NA,NA,NA,11,NA,NA
2025,19,-93.75,"DEC",NA,NA,NA,NA,NA,NA,12,NA,NA
2023,17.5,-91.5,"JAN",NA,NA,16.66,NA,NA,NA,1,NA,NA
2023,17.5,-91.5,"FEB",NA,NA,18.61,NA,NA,NA,2,NA,NA
2023,17.5,-91.5,"MAR",NA,NA,22.39,NA,NA,NA,3,NA,NA
2023,17.5,-91.5,"APR",NA,NA,22.12,NA,NA,NA,4,NA,NA
2023,17.5,-91.5,"MAY",NA,NA,22.81,NA,NA,NA,5,NA,NA
2023,17.5,-91.5,"JUN",NA,NA,24.21,NA,NA,NA,6,NA,NA
2023,17.5,-91.5,"JUL",NA,NA,21.95,NA,NA,NA,7,NA,NA
2023,17.5,-91.5,"AUG",NA,NA,23.01,NA,NA,NA,8,NA,NA
2023,17.5,-91.5,"SEP",NA,NA,21.28,NA,NA,NA,9,NA,NA
2023,17.5,-91.5,"OCT",NA,NA,17.84,NA,NA,NA,10,NA,NA
2023,17.5,-91.5,"NOV",NA,NA,12.73,NA,NA,NA,11,NA,NA
2023,17.5,-91.5,"DEC",NA,NA,13.31,NA,NA,NA,12,NA,NA
2023,17.5,-93.5,"JAN",NA,NA,14.83,NA,NA,NA,1,NA,NA
2023,17.5,-93.5,"FEB",NA,NA,15.34,NA,NA,NA,2,NA,NA
2023,17.5,-93.5,"MAR",NA,NA,20.83,NA,NA,NA,3,NA,NA
2023,17.5,-93.5,"APR",NA,NA,21.59,NA,NA,NA,4,NA,NA
2023,17.5,-93.5,"MAY",NA,NA,21.7,NA,NA,NA,5,NA,NA
2023,17.5,-93.5,"JUN",NA,NA,22.13,NA,NA,NA,6,NA,NA
2023,17.5,-93.5,"JUL",NA,NA,19.86,NA,NA,NA,7,NA,NA
2023,17.5,-93.5,"AUG",NA,NA,19.59,NA,NA,NA,8,NA,NA
2023,17.5,-93.5,"SEP",NA,NA,18.76,NA,NA,NA,9,NA,NA
2023,17.5,-93.5,"OCT",NA,NA,15.83,NA,NA,NA,10,NA,NA
2023,17.5,-93.5,"NOV",NA,NA,11.07,NA,NA,NA,11,NA,NA
2023,17.5,-93.5,"DEC",NA,NA,11.74,NA,NA,NA,12,NA,NA
2023,18.5,-91.5,"JAN",NA,NA,16.93,NA,NA,NA,1,NA,NA
2023,18.5,-91.5,"FEB",NA,NA,18.39,NA,NA,NA,2,NA,NA
2023,18.5,-91.5,"MAR",NA,NA,21.79,NA,NA,NA,3,NA,NA
2023,18.5,-91.5,"APR",NA,NA,22.11,NA,NA,NA,4,NA,NA
2023,18.5,-91.5,"MAY",NA,NA,22.75,NA,NA,NA,5,NA,NA
2023,18.5,-91.5,"JUN",NA,NA,23.91,NA,NA,NA,6,NA,NA
2023,18.5,-91.5,"JUL",NA,NA,22.57,NA,NA,NA,7,NA,NA
2023,18.5,-91.5,"AUG",NA,NA,22.29,NA,NA,NA,8,NA,NA
2023,18.5,-91.5,"SEP",NA,NA,22.1,NA,NA,NA,9,NA,NA
2023,18.5,-91.5,"OCT",NA,NA,19.14,NA,NA,NA,10,NA,NA
2023,18.5,-91.5,"NOV",NA,NA,14.04,NA,NA,NA,11,NA,NA
2023,18.5,-91.5,"DEC",NA,NA,13.58,NA,NA,NA,12,NA,NA
2023,18.5,-93.5,"JAN",NA,NA,15.63,NA,NA,NA,1,NA,NA
2023,18.5,-93.5,"FEB",NA,NA,16.91,NA,NA,NA,2,NA,NA
2023,18.5,-93.5,"MAR",NA,NA,21.49,NA,NA,NA,3,NA,NA
2023,18.5,-93.5,"APR",NA,NA,22.45,NA,NA,NA,4,NA,NA
2023,18.5,-93.5,"MAY",NA,NA,23.02,NA,NA,NA,5,NA,NA
2023,18.5,-93.5,"JUN",NA,NA,23.33,NA,NA,NA,6,NA,NA
2023,18.5,-93.5,"JUL",NA,NA,22.73,NA,NA,NA,7,NA,NA
2023,18.5,-93.5,"AUG",NA,NA,22.5,NA,NA,NA,8,NA,NA
2023,18.5,-93.5,"SEP",NA,NA,20.82,NA,NA,NA,9,NA,NA
2023,18.5,-93.5,"OCT",NA,NA,17.08,NA,NA,NA,10,NA,NA
2023,18.5,-93.5,"NOV",NA,NA,12.09,NA,NA,NA,11,NA,NA
2023,18.5,-93.5,"DEC",NA,NA,12.18,NA,NA,NA,12,NA,NA
2024,17.5,-91.5,"JAN",NA,NA,14.08,NA,NA,NA,1,NA,NA
2024,17.5,-91.5,"FEB",NA,NA,19.48,NA,NA,NA,2,NA,NA
2024,17.5,-91.5,"MAR",NA,NA,21.19,NA,NA,NA,3,NA,NA
2024,17.5,-91.5,"APR",NA,NA,22.92,NA,NA,NA,4,NA,NA
2024,17.5,-91.5,"MAY",NA,NA,22.75,NA,NA,NA,5,NA,NA
2024,17.5,-91.5,"JUN",NA,NA,20,NA,NA,NA,6,NA,NA
2024,17.5,-91.5,"JUL",NA,NA,21.31,NA,NA,NA,7,NA,NA
2024,17.5,-91.5,"AUG",NA,NA,21.84,NA,NA,NA,8,NA,NA
2024,17.5,-91.5,"SEP",NA,NA,21.68,NA,NA,NA,9,NA,NA
2024,17.5,-91.5,"OCT",NA,NA,14.88,NA,NA,NA,10,NA,NA
2024,17.5,-91.5,"NOV",NA,NA,16.09,NA,NA,NA,11,NA,NA
2024,17.5,-91.5,"DEC",NA,NA,13.66,NA,NA,NA,12,NA,NA
2024,17.5,-93.5,"JAN",NA,NA,12.42,NA,NA,NA,1,NA,NA
2024,17.5,-93.5,"FEB",NA,NA,17.37,NA,NA,NA,2,NA,NA
2024,17.5,-93.5,"MAR",NA,NA,20.07,NA,NA,NA,3,NA,NA
2024,17.5,-93.5,"APR",NA,NA,21.19,NA,NA,NA,4,NA,NA
2024,17.5,-93.5,"MAY",NA,NA,22,NA,NA,NA,5,NA,NA
2024,17.5,-93.5,"JUN",NA,NA,19.1,NA,NA,NA,6,NA,NA
2024,17.5,-93.5,"JUL",NA,NA,19.21,NA,NA,NA,7,NA,NA
2024,17.5,-93.5,"AUG",NA,NA,18.18,NA,NA,NA,8,NA,NA
2024,17.5,-93.5,"SEP",NA,NA,18.17,NA,NA,NA,9,NA,NA
2024,17.5,-93.5,"OCT",NA,NA,12.49,NA,NA,NA,10,NA,NA
2024,17.5,-93.5,"NOV",NA,NA,15.75,NA,NA,NA,11,NA,NA
2024,17.5,-93.5,"DEC",NA,NA,12.23,NA,NA,NA,12,NA,NA
2024,18.5,-91.5,"JAN",NA,NA,14.63,NA,NA,NA,1,NA,NA
2024,18.5,-91.5,"FEB",NA,NA,19.49,NA,NA,NA,2,NA,NA
2024,18.5,-91.5,"MAR",NA,NA,22,NA,NA,NA,3,NA,NA
2024,18.5,-91.5,"APR",NA,NA,22.76,NA,NA,NA,4,NA,NA
2024,18.5,-91.5,"MAY",NA,NA,21.96,NA,NA,NA,5,NA,NA
2024,18.5,-91.5,"JUN",NA,NA,18.14,NA,NA,NA,6,NA,NA
2024,18.5,-91.5,"JUL",NA,NA,21.61,NA,NA,NA,7,NA,NA
2024,18.5,-91.5,"AUG",NA,NA,22.33,NA,NA,NA,8,NA,NA
2024,18.5,-91.5,"SEP",NA,NA,20.78,NA,NA,NA,9,NA,NA
2024,18.5,-91.5,"OCT",NA,NA,15.65,NA,NA,NA,10,NA,NA
2024,18.5,-91.5,"NOV",NA,NA,16.36,NA,NA,NA,11,NA,NA
2024,18.5,-91.5,"DEC",NA,NA,15.03,NA,NA,NA,12,NA,NA
2024,18.5,-93.5,"JAN",NA,NA,12.49,NA,NA,NA,1,NA,NA
2024,18.5,-93.5,"FEB",NA,NA,18.26,NA,NA,NA,2,NA,NA
2024,18.5,-93.5,"MAR",NA,NA,20.65,NA,NA,NA,3,NA,NA
2024,18.5,-93.5,"APR",NA,NA,22.41,NA,NA,NA,4,NA,NA
2024,18.5,-93.5,"MAY",NA,NA,22.28,NA,NA,NA,5,NA,NA
2024,18.5,-93.5,"JUN",NA,NA,18.44,NA,NA,NA,6,NA,NA
2024,18.5,-93.5,"JUL",NA,NA,22.46,NA,NA,NA,7,NA,NA
2024,18.5,-93.5,"AUG",NA,NA,21.44,NA,NA,NA,8,NA,NA
2024,18.5,-93.5,"SEP",NA,NA,19.26,NA,NA,NA,9,NA,NA
2024,18.5,-93.5,"OCT",NA,NA,13.92,NA,NA,NA,10,NA,NA
2024,18.5,-93.5,"NOV",NA,NA,16.53,NA,NA,NA,11,NA,NA
2024,18.5,-93.5,"DEC",NA,NA,13.06,NA,NA,NA,12,NA,NA
2025,17.5,-91.5,"JAN",NA,NA,14.37,NA,NA,NA,1,NA,NA
2025,17.5,-91.5,"FEB",NA,NA,17.81,NA,NA,NA,2,NA,NA
2025,17.5,-91.5,"MAR",NA,NA,21.4,NA,NA,NA,3,NA,NA
2025,17.5,-91.5,"APR",NA,NA,23.38,NA,NA,NA,4,NA,NA
2025,17.5,-91.5,"MAY",NA,NA,24.35,NA,NA,NA,5,NA,NA
2025,17.5,-91.5,"JUN",NA,NA,20.31,NA,NA,NA,6,NA,NA
2025,17.5,-91.5,"JUL",NA,NA,NA,NA,NA,NA,7,NA,NA
2025,17.5,-91.5,"AUG",NA,NA,NA,NA,NA,NA,8,NA,NA
2025,17.5,-91.5,"SEP",NA,NA,NA,NA,NA,NA,9,NA,NA
2025,17.5,-91.5,"OCT",NA,NA,NA,NA,NA,NA,10,NA,NA
2025,17.5,-91.5,"NOV",NA,NA,NA,NA,NA,NA,11,NA,NA
2025,17.5,-91.5,"DEC",NA,NA,NA,NA,NA,NA,12,NA,NA
2025,17.5,-93.5,"JAN",NA,NA,11.04,NA,NA,NA,1,NA,NA
2025,17.5,-93.5,"FEB",NA,NA,14.99,NA,NA,NA,2,NA,NA
2025,17.5,-93.5,"MAR",NA,NA,19.93,NA,NA,NA,3,NA,NA
2025,17.5,-93.5,"APR",NA,NA,22,NA,NA,NA,4,NA,NA
2025,17.5,-93.5,"MAY",NA,NA,22.52,NA,NA,NA,5,NA,NA
2025,17.5,-93.5,"JUN",NA,NA,18.03,NA,NA,NA,6,NA,NA
2025,17.5,-93.5,"JUL",NA,NA,NA,NA,NA,NA,7,NA,NA
2025,17.5,-93.5,"AUG",NA,NA,NA,NA,NA,NA,8,NA,NA
2025,17.5,-93.5,"SEP",NA,NA,NA,NA,NA,NA,9,NA,NA
2025,17.5,-93.5,"OCT",NA,NA,NA,NA,NA,NA,10,NA,NA
2025,17.5,-93.5,"NOV",NA,NA,NA,NA,NA,NA,11,NA,NA
2025,17.5,-93.5,"DEC",NA,NA,NA,NA,NA,NA,12,NA,NA
2025,18.5,-91.5,"JAN",NA,NA,14.97,NA,NA,NA,1,NA,NA
2025,18.5,-91.5,"FEB",NA,NA,17.83,NA,NA,NA,2,NA,NA
2025,18.5,-91.5,"MAR",NA,NA,21.99,NA,NA,NA,3,NA,NA
2025,18.5,-91.5,"APR",NA,NA,23.23,NA,NA,NA,4,NA,NA
2025,18.5,-91.5,"MAY",NA,NA,23.82,NA,NA,NA,5,NA,NA
2025,18.5,-91.5,"JUN",NA,NA,20.26,NA,NA,NA,6,NA,NA
2025,18.5,-91.5,"JUL",NA,NA,NA,NA,NA,NA,7,NA,NA
2025,18.5,-91.5,"AUG",NA,NA,NA,NA,NA,NA,8,NA,NA
2025,18.5,-91.5,"SEP",NA,NA,NA,NA,NA,NA,9,NA,NA
2025,18.5,-91.5,"OCT",NA,NA,NA,NA,NA,NA,10,NA,NA
2025,18.5,-91.5,"NOV",NA,NA,NA,NA,NA,NA,11,NA,NA
2025,18.5,-91.5,"DEC",NA,NA,NA,NA,NA,NA,12,NA,NA
2025,18.5,-93.5,"JAN",NA,NA,12.61,NA,NA,NA,1,NA,NA
2025,18.5,-93.5,"FEB",NA,NA,16.47,NA,NA,NA,2,NA,NA
2025,18.5,-93.5,"MAR",NA,NA,20.99,NA,NA,NA,3,NA,NA
2025,18.5,-93.5,"APR",NA,NA,23.18,NA,NA,NA,4,NA,NA
2025,18.5,-93.5,"MAY",NA,NA,22.96,NA,NA,NA,5,NA,NA
2025,18.5,-93.5,"JUN",NA,NA,19.85,NA,NA,NA,6,NA,NA
2025,18.5,-93.5,"JUL",NA,NA,NA,NA,NA,NA,7,NA,NA
2025,18.5,-93.5,"AUG",NA,NA,NA,NA,NA,NA,8,NA,NA
2025,18.5,-93.5,"SEP",NA,NA,NA,NA,NA,NA,9,NA,NA
2025,18.5,-93.5,"OCT",NA,NA,NA,NA,NA,NA,10,NA,NA
2025,18.5,-93.5,"NOV",NA,NA,NA,NA,NA,NA,11,NA,NA
2025,18.5,-93.5,"DEC",NA,NA,NA,NA,NA,NA,12,NA,NA
